Rank,PlayerName,Team,Position,Age,GamesPlayed,GamesStarted,CompletedPasses,AttemptedPasses,PassingYards,PassingTouchdowns,Interceptions,RushAttempts,RushYards,YardsPerRush,RushingTouchdowns,Targets,Receptions,ReceivingYards,YardsPerReception,ReceivingTouchdowns,Fumbles,FL,TotalTouchdowns,2PM,2PP,FantPt,PPR,DKPt,FDPt,VBD,PositionRank,OverallRank,-9999,Opportunities,RedZoneMarketShare,RedZoneTargets,RedZoneTargetShare,RedZoneCarries,MarketShareCarries,Snaps,TeamSnaps,SnapPercent,SnapsPerGame,RushPercent,TargetPercent,ReceptionRate,YardsPerTarget,PasserRating,Targets,Y/G
33,A.J. Brown,PHI,WR,25,6,5,0,0,0,0,0,0,0,,0,53,33,503,15.24,2,0,0,2,,,62,95.3,98.3,78.8,16,10,33,BrowAJ00,9,11.84,9,37.5,0,0,372,446,83.41,62,0,14.25,62.3,9.49,0,53,0
290,A.J. Green,ARI,WR,34,5,3,0,0,0,0,0,0,0,,0,22,10,56,5.6,0,0,0,0,1,,8,17.6,17.6,12.6,,120,,GreeA.00,3,7.5,3,11.54,0,0,249,375,66.4,49.8,0,8.84,45.5,2.55,0,22,0
41,Aaron Jones,GNB,RB,28,6,6,0,0,0,0,0,70,409,5.84,1,23,17,123,7.24,1,1,1,2,,,63,80.2,87.2,71.7,12,15,41,JoneAa00,12,24.49,3,10,9,47.37,248,400,62,41.33,28.23,9.27,73.9,5.35,0,23,0
86,Aaron Rodgers,GNB,QB,39,6,6,140,209,1403,9,3,9,9,1,0,0,0,0,,0,5,3,0,,,81,81,90,84,,20,,RodgAa00,0,0,0,0,0,0,0,0,0,0,0,0,0,0,94.2,0,233.8
484,Adam Prentice,NOR,RB,25,3,1,0,0,0,0,0,0,0,,0,1,1,2,2,0,1,0,0,,,,1.2,1.2,0.7,,118,,PrenAd00,0,0,0,0,0,0,19,198,9.6,6.33,0,5.26,100,2,0,1,0
115,Adam Thielen,MIN,WR,32,6,6,0,0,0,0,0,0,0,,0,43,29,284,9.79,2,0,0,2,1,,42,71.4,74.4,56.9,,34,,ThieAd00,9,15.52,9,23.68,0,0,379,398,95.23,63.17,0,11.35,67.4,6.6,0,43,0
233,Adam Trautman,NOR,TE,25,6,6,0,0,0,0,0,0,0,,0,8,7,86,12.29,1,0,0,1,,,15,21.6,21.6,18.1,,33,,TrauAd00,2,4.55,2,7.69,0,0,207,407,50.86,34.5,0,3.86,87.5,10.75,0,8,0
111,AJ Dillon,GNB,RB,24,6,2,0,0,0,0,0,73,286,3.92,1,20,13,80,6.15,0,0,0,1,,,43,55.6,58.6,49.1,,34,,DillAJ00,10,20.41,2,6.67,8,42.11,201,400,50.25,33.5,36.32,9.95,65,4,0,20,0
330,Albert Okwuegbunam,DEN,TE,24,5,0,0,0,0,0,0,0,0,,0,11,7,50,7.14,0,0,0,0,,,5,12,12,8.5,,67,,OkwuAl00,1,2.33,1,3.7,0,0,122,338,36.09,24.4,0,9.02,63.6,4.55,0,11,0
343,Alec Ingold,MIA,RB,26,6,6,0,0,0,0,0,4,5,1.25,0,7,5,33,6.6,0,0,0,0,,,4,8.8,8.8,6.3,,89,,IngoAl01,1,2.38,0,0,1,6.25,129,383,33.68,21.5,3.1,5.43,71.4,4.71,0,7,0
140,Alec Pierce,IND,WR,22,5,4,0,0,0,0,0,0,0,,0,29,18,271,15.06,1,1,0,1,,,33,51.1,54.1,42.1,,49,,PierAl00,4,8.7,4,14.29,0,0,208,389,53.47,41.6,0,13.94,62.1,9.34,0,29,0
158,Alexander Mattison,MIN,RB,24,6,0,0,0,0,0,0,30,97,3.23,1,11,8,58,7.25,1,0,0,2,,,28,35.5,35.5,31.5,,46,,MattAl01,10,17.24,4,10.53,6,30,129,398,32.41,21.5,23.26,8.53,72.7,5.27,0,11,0
50,Allen Lazard,GNB,WR,27,5,5,0,0,0,0,0,0,0,,0,34,20,285,14.25,4,0,0,4,,,53,72.5,75.5,62.5,7,18,50,LazaAl00,6,15.38,6,25,0,0,311,339,91.74,62.2,0,10.93,58.8,8.38,0,34,0
155,Allen Robinson,LAR,WR,29,6,6,0,0,0,0,0,0,0,,0,29,17,170,10,2,0,0,2,,,29,46,49,37.5,,58,,RobiAl02,10,18.52,10,31.25,0,0,349,381,91.6,58.17,0,8.31,58.6,5.86,0,29,0
78,Alvin Kamara,NOR,RB,27,5,5,0,0,0,0,0,77,351,4.56,0,35,24,191,7.96,0,2,2,0,,,50,74.2,82.2,62.2,,24,78,KamaAl00,12,42.86,6,37.5,6,50,192,279,68.82,48,34.38,13.54,65.4,5.19,0,26,0
40,Amari Cooper,CLE,WR,28,6,6,0,0,0,0,0,0,0,,0,55,31,348,11.23,4,0,0,4,,,59,89.8,92.8,74.3,13,14,40,CoopAm00,8,11.43,8,28.57,0,0,354,429,82.52,59,0,15.54,56.4,6.33,0,55,0
424,Amari Rodgers,GNB,WR,23,6,0,0,0,0,0,0,0,0,,0,1,1,14,14,0,2,0,0,,,1,2.4,2.4,1.9,,168,,RodgAm00,0,0,0,0,0,0,29,400,7.25,4.83,0,3.45,100,14,0,1,0
370,Ameer Abdullah,LVR,RB,29,5,0,0,0,0,0,0,0,0,,0,2,1,23,23,0,0,0,0,,,2,3.3,3.3,2.8,,98,,AbduAm00,0,0,0,0,0,0,22,334,6.59,4.4,0,9.09,50,11.5,0,2,0
52,Amon-Ra St. Brown,DET,WR,23,4,4,0,0,0,0,0,2,68,34,0,39,27,271,10.04,3,0,0,3,,,52,78.9,81.9,65.4,7,20,52,StxxAm00,6,17.65,6,30,0,0,191,274,69.71,47.75,1.05,20.42,69.2,6.95,0,39,0
351,Andre Baccellia,ARI,WR,25,5,0,0,0,0,0,0,0,0,,0,6,4,25,6.25,0,0,0,0,,,3,6.5,6.5,4.5,,149,,BaccAn00,0,0,0,0,0,0,71,380,18.68,14.2,0,8.45,66.7,4.17,0,6,0
487,Andre Roberts,CAR,,34,1,0,0,0,0,0,0,0,0,,0,0,0,0,,0,0,0,0,,,,,,,,191,,RobeAn00,0,0,0,0,0,0,0,0,0,0,0,0,0,0,0,0,97
307,Andrew Beck,DEN,TE,26,6,3,0,0,0,0,0,1,-1,-1,0,5,3,59,19.67,0,0,0,0,,,6,8.8,8.8,7.3,,62,,BeckAn01,0,0,0,0,0,0,105,396,26.52,17.5,0.95,4.76,60,11.8,0,5,0
92,Andy Dalton,NOR,QB,35,4,4,83,131,946,7,4,12,28,2.33,0,0,0,0,,0,1,1,0,,1,61,60.6,68.6,64.6,,26,,DaltAn00,1,3.85,0,0,1,7.14,0,0,0,0,0,0,0,0,90.1,0,236.5
386,Andy Isabella,ARI,WR,26,3,0,0,0,0,0,0,0,0,,0,5,2,21,10.5,0,0,0,0,,,2,4.1,4.1,3.1,,156,,IsabAn00,0,0,0,0,0,0,67,224,29.91,22.33,0,7.46,40,4.2,0,5,0
337,Anthony Firkser,ATL,TE,27,5,1,0,0,0,0,0,0,0,,0,4,3,39,13,0,0,0,0,,,4,6.9,6.9,5.4,,73,,FirkAn00,1,2.17,1,7.69,0,0,50,314,15.92,10,0,8,75,9.75,0,4,0
349,Anthony Schwartz,CLE,WR,22,6,0,0,0,0,0,0,2,20,10,0,6,1,19,19,0,0,0,0,,,4,4.9,4.9,4.4,,142,,SchwAn00,0,0,0,0,0,0,71,429,16.55,11.83,2.82,8.45,16.7,3.17,0,6,0
98,Antonio Gibson,WAS,RB,24,6,5,0,0,0,0,0,61,214,3.51,2,24,19,152,8,0,0,0,2,,,49,67.6,73.6,58.1,,27,,GibsAn00,11,25.58,2,8.33,9,47.37,188,422,44.55,31.33,32.45,12.77,79.2,6.33,0,24,0
502,Antonio Williams,NYG,,25,2,0,0,0,0,0,0,0,0,,0,0,0,0,,0,0,0,0,,,,,,,,135,,WillAn03,0,0,0,0,0,0,2,145,1.38,1,0,0,0,0,0,0,258.8
396,Armani Rogers,WAS,TE,25,6,1,0,0,0,0,0,0,0,,0,1,1,23,23,0,0,0,0,,,2,3.3,3.3,2.8,,83,,RogeAr00,0,0,0,0,0,0,53,422,12.56,8.83,0,1.89,100,23,0,1,0
219,Ashton Dulin,IND,WR,25,5,1,0,0,0,0,0,1,3,3,0,18,12,168,14,0,0,0,0,,,17,29.1,32.1,23.1,,88,,DuliAs00,2,4.88,2,8,0,0,113,358,31.56,22.6,0.88,15.93,66.7,9.33,0,18,0
10,Austin Ekeler,LAC,RB,27,6,6,0,0,0,0,0,75,349,4.65,4,49,41,261,6.37,2,1,0,6,,,97,138,144,117.5,44,3,10,EkelAu00,20,33.33,8,21.62,12,52.17,258,437,59.04,43,29.07,18.99,83.7,5.33,0,49,0
313,Austin Hooper,TEN,TE,28,5,0,0,0,0,0,0,0,0,,0,11,6,55,9.17,0,0,0,0,,,6,11.5,11.5,8.5,,64,,HoopAu00,2,6.67,2,12.5,0,0,146,297,49.16,29.2,0,7.53,54.5,5,0,11,0
141,Bailey Zappe,NWE,QB,23,3,2,51,70,596,4,1,8,1,0.13,0,1,1,-6,-6,0,3,2,0,,,33,34.3,40.3,34.8,,35,,ZappBa00,1,3.33,0,0,1,5.56,0,0,0,0,0,0,0,0,111.4,0,198.7
94,Baker Mayfield,CAR,QB,27,5,5,84,153,962,4,4,14,40,2.86,1,0,0,0,,0,6,1,1,,,54,54.5,62.5,58.5,,28,,MayfBa00,4,18.18,0,0,4,33.33,0,0,0,0,0,0,0,0,71.9,0,192.4
359,Ben Ellefson,MIN,TE,26,4,1,0,0,0,0,0,0,0,,0,3,3,26,8.67,0,0,0,0,,,3,5.6,5.6,4.1,,79,,ElleBe00,1,2.56,1,3.57,0,0,43,267,16.1,10.75,0,6.98,100,8.67,0,3,0
151,Ben Skowronek,LAR,WR,25,6,5,0,0,0,0,0,1,17,17,1,29,23,221,9.61,0,0,0,1,,,30,52.8,55.8,41.3,,55,,SkowBe00,2,3.7,1,3.13,1,4.55,320,381,83.99,53.33,0.31,9.06,79.3,7.62,0,29,0
492,Benny Snell Jr.,PIT,,24,6,0,0,0,0,0,0,0,0,,0,0,0,0,,0,0,0,0,,,,,,,,132,,SnelBe00,0,0,0,0,0,0,0,0,0,0,0,0,0,0,0,0,11
264,Boston Scott,PHI,RB,27,4,0,0,0,0,0,0,16,45,2.81,1,1,1,2,2,0,0,0,1,,,11,11.7,11.7,11.2,,77,,ScotBo02,2,5.26,0,0,2,9.52,46,291,15.81,11.5,34.78,2.17,100,2,0,1,0
145,Brandin Cooks,HOU,WR,29,5,5,0,0,0,0,0,0,0,,0,42,24,235,9.79,1,0,0,1,,,30,53.5,56.5,41.5,,56,,CookBr00,3,13.04,3,37.5,0,0,260,307,84.69,52,0,16.15,57.1,5.6,0,42,0
55,Brandon Aiyuk,SFO,WR,24,6,6,0,0,0,0,0,1,7,7,0,38,25,320,12.8,3,0,0,3,,,51,75.7,78.7,63.2,5,22,55,AiyuBr00,4,8,4,25,0,0,343,377,90.98,57.17,0.29,11.08,65.8,8.42,0,38,0
235,Brandon Bolden,LVR,RB,32,4,0,0,0,0,0,0,7,29,4.14,0,8,8,53,6.63,1,0,0,1,,,14,22.2,22.2,18.2,,69,,BoldBr00,1,2.5,1,4.17,0,0,56,267,20.97,14,12.5,14.29,100,6.63,0,8,0
303,Brandon Powell,LAR,WR,27,6,1,0,0,0,0,0,7,2,0.29,0,10,9,70,7.78,0,0,0,0,,,7,16.2,16.2,11.7,,122,,PoweBr00,6,11.11,4,12.5,2,9.09,57,381,14.96,9.5,12.28,17.54,90,7,0,10,0
169,Braxton Berrios,NYJ,WR,27,6,0,1,1,2,1,0,5,55,11,2,10,8,48,6,0,0,0,2,,,26,34.4,34.4,30.4,,65,,BerrBr00,4,6.9,2,7.69,2,6.25,116,416,27.88,19.33,4.31,8.62,80,4.8,0,10,0
19,Breece Hall,NYJ,RB,21,6,1,0,0,0,0,0,76,391,5.14,3,31,19,218,11.47,1,1,1,4,,,83,101.9,108.9,92.4,31,5,19,HallBr03,19,32.76,4,15.38,15,46.88,221,416,53.13,36.83,34.39,14.03,61.3,7.03,0,31,0
255,Breshad Perriman,TAM,WR,29,4,2,0,0,0,0,0,2,-7,-3.5,0,13,6,89,14.83,1,2,1,1,,,12,18.2,19.2,15.2,,102,,PerrBr02,0,0,0,0,0,0,125,266,46.99,31.25,1.6,10.4,46.2,6.85,0,13,0
417,Brevin Jordan,HOU,TE,22,2,1,0,0,0,0,0,0,0,,0,6,3,8,2.67,0,0,0,0,,,1,3.8,3.8,2.3,,97,,JordBr00,0,0,0,0,0,0,65,133,48.87,32.5,0,9.23,50,1.33,0,6,0
414,Brian Hoyer,NWE,QB,37,1,1,5,6,37,0,0,0,0,,0,0,0,0,,0,0,0,0,,,1,1.5,1.5,1.5,,44,,HoyeBr00,0,0,0,0,0,0,0,0,0,0,0,0,0,0,92.4,0,37
238,Brian Robinson Jr.,WAS,RB,23,2,1,0,0,0,0,0,26,82,3.15,1,0,0,0,,0,0,0,1,,,14,14.2,14.2,14.2,,70,,RobiBr01,4,40,0,0,4,80,45,120,37.5,22.5,57.78,0,0,0,0,0,0
485,Brock Purdy,SFO,QB,23,1,0,0,0,0,0,0,1,-1,-1,0,0,0,0,,0,0,0,0,,,,-0.1,-0.1,-0.1,,53,,PurdBr00,0,0,0,0,0,0,0,0,0,0,0,0,0,0,0,0,0
369,Brock Wright,DET,TE,24,5,1,0,0,0,0,0,0,0,,0,1,1,25,25,0,0,0,0,,,3,3.5,3.5,3,,81,,WrigBr01,0,0,0,0,0,0,127,348,36.49,25.4,0,0.79,100,25,0,1,0
410,Bryan Edwards,ATL,WR,24,4,1,0,0,0,0,0,0,0,,0,4,2,12,6,0,0,0,0,,,1,3.2,3.2,2.2,,172,,EdwaBr01,2,4.76,2,16.67,0,0,77,260,29.62,19.25,0,5.19,50,3,0,4,0
469,Brycen Hopkins,LAR,,25,3,0,0,0,0,0,0,0,0,,0,0,0,0,,0,0,0,0,,,,,,,,109,,HopkBr01,0,0,0,0,0,0,17,194,8.76,5.67,0,0,0,0,0,0,190.7
364,Byron Pringle,CHI,WR,29,3,1,0,0,0,0,0,0,0,,0,3,2,33,16.5,0,0,0,0,,,3,5.3,5.3,4.3,,144,,PrinBy00,0,0,0,0,0,0,26,162,16.05,8.67,0,11.54,66.7,11,0,3,0
438,C.J. Beathard,JAX,QB,29,1,0,0,0,0,0,0,1,-1,-1,0,0,0,0,,0,0,0,0,,,,-0.1,-0.1,-0.1,,52,,BeatC.00,0,0,0,0,0,0,0,0,0,0,0,0,0,0,0,0,0
379,C.J. Ham,MIN,RB,29,6,1,0,0,0,0,0,1,3,3,0,5,3,21,7,0,0,0,0,,,2,5.4,5.4,3.9,,97,,HamxC.00,1,1.72,1,2.63,0,0,64,398,16.08,10.67,1.56,7.81,60,4.2,0,5,0
367,C.J. Uzomah,NYJ,TE,29,5,4,0,0,0,0,0,0,0,,0,5,5,34,6.8,0,0,0,0,,,3,8.4,8.4,5.9,,75,,UzomC.00,0,0,0,0,0,0,165,346,47.69,33,0,3.03,100,6.8,0,5,0
274,Cade Otton,TAM,TE,23,5,4,0,0,0,0,0,0,0,,0,16,12,99,8.25,0,0,0,0,,,10,21.9,21.9,15.9,,48,,OttoCa00,3,6.67,3,11.11,0,0,220,344,63.95,44,0,7.27,75,6.19,0,16,0
201,Caleb Huntley,ATL,RB,24,4,0,0,0,0,0,0,35,152,4.34,1,0,0,0,,0,0,0,1,,,21,21.2,24.2,21.2,,58,,HuntCa02,11,25.58,0,0,11,34.38,51,240,21.25,12.75,68.63,0,0,0,0,0,0
199,Cam Akers,LAR,RB,23,5,2,0,0,0,0,0,51,151,2.96,1,5,2,18,9,0,1,1,1,,,21,22.9,26.9,21.9,,59,,AkerCa00,10,24.39,1,4.17,9,52.94,111,316,35.13,22.2,45.95,4.5,40,3.6,0,5,0
427,Cam Sims,WAS,WR,26,6,1,0,0,0,0,0,0,0,,0,7,2,13,6.5,0,0,0,0,,,1,3.3,3.3,2.3,,170,,SimsCa00,1,2.33,1,4.17,0,0,107,422,25.36,17.83,0,6.54,28.6,1.86,0,7,0
259,Cameron Brate,TAM,TE,31,5,1,0,0,0,0,0,0,0,,0,22,13,114,8.77,0,0,0,0,,,11,24.4,27.4,17.9,,41,,BratCa00,3,7.69,3,11.54,0,0,194,330,58.79,38.8,0,11.34,59.1,5.18,0,22,0
69,Carson Wentz,WAS,QB,30,6,6,144,232,1489,10,6,19,79,4.16,0,0,0,0,,0,6,1,0,,2,97,97.5,107.5,103.5,3,11,69,WentCa00,3,6.98,0,0,3,15.79,0,0,0,0,0,0,0,0,84.1,0,248.2
475,Case Keenum,BUF,QB,34,2,0,2,7,8,0,0,5,0,0,0,0,0,0,,0,0,0,0,,,,0.3,0.3,0.3,,47,,KeenCa00,2,9.52,0,0,2,33.33,0,0,0,0,0,0,0,0,39.6,0,4
334,Cedrick Wilson Jr.,MIA,WR,27,5,0,0,0,0,0,0,1,8,8,0,7,4,40,10,0,0,0,0,,,5,8.8,8.8,6.8,,138,,WilsCe01,0,0,0,0,0,0,86,319,26.96,17.2,1.16,8.14,57.1,5.71,0,7,0
46,CeeDee Lamb,DAL,WR,23,6,6,0,0,0,0,0,3,15,5,0,60,33,409,12.39,2,0,0,2,,,54,87.4,90.4,70.9,9,15,46,LambCe00,4,12.5,3,15.79,1,7.69,357,377,94.69,59.5,0.84,16.81,55,6.82,0,60,0
445,Cethan Carter,MIA,,27,1,0,0,0,0,0,0,0,0,,0,0,0,0,,0,0,0,0,,,,,,,,104,,CartCe00,0,0,0,0,0,0,1,60,1.67,1,0,0,0,0,0,0,0
465,Chad Henne,KAN,,37,1,0,0,0,0,0,0,0,0,,0,0,0,0,,0,1,0,0,,,,,,,,51,,HennCh01,0,0,0,0,0,0,0,0,0,0,0,0,0,0,0,0,0
507,Charlie Woerner,SFO,,25,6,1,0,0,0,0,0,0,0,,0,2,0,0,,0,0,0,0,,,,,,,,118,,WoerCh00,0,0,0,0,0,0,122,377,32.36,20.33,0,1.64,0,0,0,2,0
134,Chase Claypool,PIT,WR,24,6,6,0,0,0,0,0,8,55,6.88,0,36,23,225,9.78,1,0,0,1,,,34,57,60,45.5,,46,,ClayCh01,4,10.26,3,17.65,1,4.55,337,384,87.76,56.17,2.37,10.68,63.9,6.25,0,36,0
450,Chase Daniel,LAC,,36,1,0,0,0,0,0,0,0,0,,0,0,0,0,,0,0,0,0,,,,,,,,48,,DaniCh00,0,0,0,0,0,0,0,0,0,0,0,0,0,0,0,0,0
124,Chase Edmonds,MIA,RB,26,6,2,0,0,0,0,0,31,89,2.87,2,15,10,96,9.6,1,0,0,3,,,37,46.5,46.5,41.5,,40,,EdmoCh00,7,16.67,4,15.38,3,18.75,152,383,39.69,25.33,20.39,9.87,66.7,6.4,0,15,0
511,Chester Rogers,CLE,,28,3,0,0,0,0,0,0,0,0,,0,0,0,0,,0,1,1,0,,,-2,-2,-1,-2,,201,,RogeCh02,0,0,0,0,0,0,0,0,0,0,0,0,0,0,0,0,0
263,Chigoziem Okonkwo,TEN,TE,23,5,1,0,0,0,0,0,1,-4,-4,0,5,4,49,12.25,1,0,0,1,,,11,14.5,14.5,12.5,,44,,OkonCh00,2,6.67,2,12.5,0,0,62,297,20.88,12.4,1.61,8.06,80,9.8,0,5,0
448,Chris Conley,HOU,,30,2,0,0,0,0,0,0,0,0,,0,2,0,0,,0,0,0,0,,,,,,,,181,,ConlCh00,0,0,0,0,0,0,30,133,22.56,15,0,6.67,0,0,0,2,0
453,Chris Evans,CIN,RB,25,6,0,0,0,0,0,0,0,0,,0,2,1,4,4,0,0,0,0,,,,1.4,1.4,0.9,,114,,EvanCh02,0,0,0,0,0,0,9,422,2.13,1.5,0,22.22,50,2,0,2,0
180,Chris Godwin,TAM,WR,26,4,4,0,0,0,0,0,1,2,2,0,31,22,250,11.36,0,0,0,0,,,25,47.2,50.2,36.2,,70,,GodwCh00,5,12.2,4,16,1,6.25,177,277,63.9,44.25,0.56,17.51,71,8.06,0,31,0
391,Chris Manhertz,JAX,TE,30,6,4,0,0,0,0,0,0,0,,0,3,3,15,5,0,0,0,0,,,2,4.5,4.5,3,,91,,ManhCh00,1,1.59,1,3.57,0,0,170,402,42.29,28.33,0,1.76,100,5,0,3,0
262,Chris Moore,HOU,WR,29,4,1,0,0,0,0,0,0,0,,0,12,8,108,13.5,0,0,0,0,,,11,18.8,21.8,14.8,,106,,MoorCh00,0,0,0,0,0,0,138,249,55.42,34.5,0,8.7,66.7,9,0,12,0
302,Chris Myarick,NYG,TE,27,6,5,0,0,0,0,0,0,0,,0,3,3,11,3.67,1,0,0,1,,,7,10.1,10.1,8.6,,56,,MyarCh00,2,3.92,2,13.33,0,0,153,396,38.64,25.5,0,1.96,100,3.67,0,3,0
34,Chris Olave,NOR,WR,22,6,4,0,0,0,0,0,0,0,,0,56,32,495,15.47,2,1,1,2,1,,62,93.5,97.5,77.5,16,12,34,OlavCh00,5,14.29,5,25,0,0,221,335,65.97,44.2,0,19,59.5,9.26,0,42,0
39,Christian Kirk,JAX,WR,26,6,6,0,0,0,0,0,2,7,3.5,0,44,25,362,14.48,4,1,1,4,,,59,83.9,87.9,71.4,13,13,39,KirkCh01,8,12.7,8,28.57,0,0,372,402,92.54,62,0.54,11.83,56.8,8.23,0,44,0
16,Christian McCaffrey,CAR,RB,26,6,6,0,0,0,0,0,85,393,4.62,2,43,33,277,8.39,1,0,0,3,,,85,118,124,101.5,33,4,16,McCaCh01,11,44,4,30.77,7,58.33,287,337,85.16,47.83,29.62,14.98,76.7,6.44,0,43,0
249,Christian Watson,GNB,WR,23,4,1,0,0,0,0,0,3,19,6.33,1,11,7,52,7.43,0,0,0,1,,,13,20.1,20.1,16.6,,101,,WatsCh00,5,12.5,3,12,2,13.33,98,265,36.98,24.5,3.06,11.22,63.6,4.73,0,11,0
384,Chuba Hubbard,CAR,RB,23,6,0,0,0,0,0,0,6,34,5.67,0,1,1,1,1,0,1,1,0,,,2,2.5,3.5,2,,104,,HubbCh01,1,4,0,0,1,8.33,30,337,8.9,5,20,3.33,100,1,0,1,0
463,Clark Harris,CIN,,38,1,0,0,0,0,0,0,0,0,,0,0,0,0,,0,0,0,0,,,,,,,,105,,HarrCl20,0,0,0,0,0,0,0,0,0,0,0,0,0,0,0,0,0
31,Clyde Edwards-Helaire,KAN,RB,23,6,6,0,0,0,0,0,59,256,4.34,2,18,16,137,8.56,3,0,0,5,,,69,85.3,91.3,77.3,18,13,31,EdwaCl00,14,17.5,6,12.77,8,24.24,181,409,44.25,30.17,32.6,9.94,88.9,7.61,0,18,0
381,Cody Hollister,TEN,WR,29,5,1,0,0,0,0,0,0,0,,0,1,1,22,22,0,0,0,0,,,2,3.2,3.2,2.7,,155,,HollCo00,0,0,0,0,0,0,72,297,24.24,14.4,0,1.39,100,22,0,1,0
211,Colby Parkinson,SEA,TE,23,6,0,0,0,0,0,0,0,0,,0,9,8,126,15.75,1,0,0,1,,,19,26.6,29.6,22.6,,28,,ParkCo02,0,0,0,0,0,0,124,365,33.97,20.67,0,7.26,88.9,14,0,9,0
371,Cole Beasley,TAM,WR,33,2,0,0,0,0,0,0,0,0,,0,5,4,17,4.25,0,0,0,0,,,2,5.7,5.7,3.7,,161,,BeasCo00,0,0,0,0,0,0,13,129,10.08,6.5,0,38.46,80,3.4,0,5,0
253,Cole Kmet,CHI,TE,23,6,6,0,0,0,0,0,0,0,,0,15,10,116,11.6,0,0,0,0,,,12,21.6,24.6,16.6,,39,,KmetCo00,1,2.17,1,10,0,0,314,346,90.75,52.33,0,4.78,66.7,7.73,0,15,0
400,Cole Turner,WAS,TE,22,2,1,0,0,0,0,0,0,0,,0,5,2,23,11.5,0,0,0,0,,,2,4.3,4.3,3.3,,84,,TurnCo00,0,0,0,0,0,0,85,120,70.83,42.5,0,5.88,40,4.6,0,5,0
312,Connor Heyward,PIT,TE,23,6,0,0,0,0,0,0,0,0,,0,5,4,61,15.25,0,0,0,0,,,6,10.1,10.1,8.1,,60,,HeywCo00,0,0,0,0,0,0,52,384,13.54,8.67,0,9.62,80,12.2,0,5,0
9,Cooper Kupp,LAR,WR,29,6,6,0,1,0,0,0,4,41,10.25,1,72,56,607,10.84,4,1,1,5,,,93,148.8,152.8,120.8,45,2,9,KuppCo00,9,16.67,8,25,1,4.55,378,381,99.21,63,1.06,19.05,77.8,8.43,0,72,0
93,Cooper Rush,DAL,QB,29,6,5,90,156,1020,5,3,9,6,0.67,0,0,0,0,,0,2,0,0,,,55,55.4,61.4,58.4,,27,,RushCo00,0,0,0,0,0,0,0,0,0,0,0,0,0,0,80.1,0,0
60,Cordarrelle Patterson,ATL,RB,31,4,3,0,0,0,0,0,58,340,5.86,3,7,4,28,7,0,0,0,3,,,55,58.8,61.8,56.8,4,21,60,PattCo00,10,25,0,0,10,35.71,136,248,54.84,34,42.65,5.15,57.1,4,0,7,0
447,Corey Clement,ARI,,28,2,0,0,0,0,0,0,0,0,,0,0,0,0,,0,0,0,0,,,,,,,,124,,ClemCo00,0,0,0,0,0,0,0,0,0,0,0,0,0,0,0,0,0
70,Corey Davis,NYJ,WR,27,6,4,0,0,0,0,0,0,0,,0,33,19,351,18.47,2,0,0,2,,,47,66.1,69.1,56.6,2,28,70,DaviCo03,4,6.9,4,15.38,0,0,324,416,77.88,54,0,10.49,55.9,10.32,0,34,0
59,Courtland Sutton,DEN,WR,27,6,6,0,0,0,0,0,1,5,5,0,49,31,431,13.9,1,0,0,1,,,50,80.6,83.6,65.1,4,24,59,SuttCo00,9,19.57,9,30,0,0,369,396,93.18,61.5,0.27,13.28,63.3,8.8,0,49,0
214,Craig Reynolds,DET,RB,26,5,0,0,0,0,0,0,17,83,4.88,0,6,6,98,16.33,0,0,0,0,,,18,24.1,24.1,21.1,,64,,ReynCr00,0,0,0,0,0,0,77,348,22.13,15.4,22.08,7.79,100,16.33,0,6,0
460,Cullen Gillaspia,SEA,,27,3,0,0,0,0,0,0,0,0,,0,0,0,0,,0,0,0,0,,,,,,,,128,,GillCu00,0,0,0,0,0,0,0,0,0,0,0,0,0,0,0,0,0
108,Curtis Samuel,WAS,WR,26,6,5,0,0,0,0,0,8,51,6.38,0,50,34,287,8.44,2,1,1,2,,,44,77.8,81.8,60.8,,33,,SamuCu00,8,18.6,7,29.17,1,5.26,349,422,82.7,58.17,2.29,14.33,68,5.74,0,50,0
149,D.J. Moore,CAR,WR,25,6,6,0,0,0,0,0,5,39,7.8,0,44,20,204,10.2,1,0,0,1,,,30,50.3,53.3,40.3,,54,,MoorD.00,3,12,3,23.08,0,0,327,337,97.03,54.5,1.53,13.46,0,0,0,0,0
62,D.K. Metcalf,SEA,WR,25,6,6,0,0,0,0,0,0,0,,0,50,30,406,13.53,2,2,2,2,,,49,78.6,83.6,63.6,3,25,62,MetcDK00,8,21.62,8,42.11,0,0,314,365,86.03,52.33,0,15.92,0,0,0,0,0
347,Dak Prescott,DAL,QB,29,1,1,14,29,134,0,1,2,11,5.5,0,0,0,0,,0,0,0,0,,,4,4.5,5.5,5.5,,41,,PresDa01,0,0,0,0,0,0,0,0,0,0,0,0,0,0,47.2,0,0
45,Dallas Goedert,PHI,TE,27,6,6,0,0,0,0,0,0,0,,0,35,26,357,13.73,1,0,0,1,,,42,67.7,70.7,54.7,9,6,45,GoedDa00,5,6.58,5,20.83,0,0,391,446,87.67,65.17,0,8.7,76.5,10.5,0,34,0
319,Dalton Schultz,DAL,TE,26,4,4,0,0,0,0,0,0,0,,0,17,9,80,8.89,0,1,1,0,,,6,15,16,10.5,,61,,SchuDa00,2,14.29,2,25,0,0,189,246,76.83,47.25,0,8.99,52.9,4.71,0,17,0
25,Dalvin Cook,MIN,RB,27,6,6,0,0,0,0,0,94,450,4.79,4,16,12,80,6.67,0,1,1,4,,,75,87,91,81,23,10,25,CookDa01,13,22.41,2,5.26,11,55,269,398,67.59,44.83,34.94,5.95,75,5,0,16,0
37,Dameon Pierce,HOU,RB,22,5,5,0,0,0,0,0,86,412,4.79,3,15,13,57,4.38,0,2,0,3,,,65,77.9,80.9,71.4,14,14,37,PierDa01,14,60.87,0,0,14,93.33,179,307,58.31,35.8,48.04,8.38,86.7,3.8,0,15,0
101,Damien Harris,NWE,RB,25,5,5,0,0,0,0,0,57,257,4.51,3,10,8,30,3.75,0,0,0,3,,,47,54.7,57.7,50.7,,29,,HarrDa06,14,37.84,6,37.5,8,38.1,106,309,34.3,21.2,53.77,9.43,80,3,0,10,0
503,Damien Williams,ATL,RB,30,1,1,0,0,0,0,0,2,2,1,0,0,0,0,,0,0,0,0,,,,0.2,0.2,0.2,,119,,WillDa05,0,0,0,0,0,0,10,75,13.33,10,20,0,0,0,0,0,0
442,Damiere Byrd,ATL,,29,3,0,0,0,0,0,0,0,0,,0,2,0,0,,0,0,0,0,,,,,,,,178,,ByrdDa00,0,0,0,0,0,0,43,179,24.02,14.33,0,4.65,0,0,0,2,0
323,Dan Arnold,JAX,TE,27,6,0,0,0,0,0,0,0,0,,0,4,3,54,18,0,0,0,0,,,5,8.4,8.4,6.9,,65,,ArnoDa00,2,3.17,2,7.14,0,0,52,402,12.94,8.67,0,7.69,75,13.5,0,4,0
446,Dan Chisena,MIN,,25,1,0,0,0,0,0,0,0,0,,0,0,0,0,,0,0,0,0,,,,,,,,180,,ChisDa00,0,0,0,0,0,0,0,0,0,0,0,0,0,0,0,0,0
113,D'Andre Swift,DET,RB,23,3,3,0,0,0,0,0,27,231,8.56,1,12,8,77,9.63,1,0,0,2,,,43,50.8,53.8,46.8,,33,,SwifDA00,2,7.14,0,0,2,14.29,109,208,52.4,36.33,24.77,11.01,66.7,6.42,0,12,0
77,Daniel Bellinger,NYG,TE,22,6,5,0,0,0,0,0,1,2,2,1,17,15,139,9.27,2,0,0,3,,,32,47.1,50.1,39.6,,12,77,BellDa00,5,9.8,4,26.67,1,2.78,259,396,65.4,43.17,0.39,6.56,88.2,8.18,0,17,0
81,Daniel Jones,NYG,QB,25,6,6,107,159,1021,5,2,47,236,5.02,2,0,0,0,,0,2,2,2,,1,90,90.4,100.4,92.4,,15,,JoneDa05,10,19.61,0,0,10,27.78,0,0,0,0,0,0,0,0,90.2,0,170
172,Dante Pettis,CHI,WR,27,6,3,0,0,0,0,0,0,0,,0,13,5,135,27,2,0,0,2,,,26,30.5,33.5,28,,67,,PettDa00,2,4.35,2,20,0,0,192,346,55.49,32,0,6.77,38.5,10.38,0,13,0
480,Dare Ogunbowale,HOU,,28,5,0,0,0,0,0,0,0,0,,0,0,0,0,,0,0,0,0,,,,,,,,131,,OgunDa00,0,0,0,0,0,0,1,307,0.33,0.2,0,0,0,0,0,0,0
265,Darius Slayton,NYG,WR,25,5,1,0,0,0,0,0,0,0,,0,12,8,108,13.5,0,0,0,0,,,11,18.8,21.8,14.8,,107,,SlayDa01,3,7.32,3,21.43,0,0,135,336,40.18,27,0,8.89,66.7,9,0,12,0
185,Darnell Mooney,CHI,WR,25,6,6,0,0,0,0,0,0,0,,0,33,17,241,14.18,0,0,0,0,,,24,41.1,44.1,32.6,,73,,MoonDa00,2,4.35,2,20,0,0,314,346,90.75,52.33,0,10.51,51.5,7.3,0,33,0
226,Darrel Williams,ARI,RB,27,5,0,0,0,0,0,0,16,94,5.88,1,5,2,3,1.5,0,0,0,1,,,16,17.7,17.7,16.7,,66,,WillDa10,2,4.17,1,3.57,1,5,78,380,20.53,15.6,20.51,6.41,40,0.6,0,5,0
123,Darrell Henderson,LAR,RB,25,6,4,0,0,0,0,0,46,181,3.93,2,18,14,77,5.5,0,0,0,2,,,38,51.8,54.8,44.8,,39,,HendDa00,10,18.52,2,6.25,8,36.36,241,381,63.25,40.17,19.09,7.47,77.8,4.28,0,18,0
188,Darren Waller,LVR,TE,30,5,4,0,0,0,0,0,0,0,,0,24,16,175,10.94,1,0,0,1,,,24,39.5,42.5,31.5,,21,,WallDa01,6,11.76,6,19.35,0,0,205,334,61.38,41,0,11.71,66.7,7.29,0,24,0
454,Darrynton Evans,CHI,,24,1,0,0,0,0,0,0,0,0,,0,0,0,0,,0,0,0,0,,,,,,,,126,,EvanDa02,0,0,0,0,0,0,0,0,0,0,0,0,0,0,0,0,0
23,Davante Adams,LVR,WR,30,5,5,0,0,0,0,0,2,0,0,0,54,29,414,14.28,5,1,0,5,,,71,100.4,103.4,85.9,25,5,23,AdamDa01,13,25.49,13,41.94,0,0,325,334,97.31,65,0.62,16.62,53.7,7.67,0,54,0
298,David Bell,CLE,WR,22,6,1,0,0,0,0,0,0,0,,0,8,6,66,11,0,0,0,0,,,7,12.6,12.6,9.6,,125,,BellDa02,1,1.43,1,3.57,0,0,174,429,40.56,29,0,4.6,75,8.25,0,8,0
114,David Montgomery,CHI,RB,25,5,5,0,0,0,0,0,62,246,3.97,1,11,10,113,11.3,0,0,0,1,,,42,51.9,57.9,46.9,,36,,MontDa01,8,21.62,0,0,8,26.67,174,284,61.27,34.8,35.63,6.32,90.9,10.27,0,11,0
54,David Njoku,CLE,TE,26,6,6,0,0,0,0,0,1,-6,-6,0,35,27,347,12.85,1,1,1,1,,,38,65.1,69.1,51.6,6,7,54,NjokDa00,7,10,7,25,0,0,377,429,87.88,62.83,0.27,9.28,77.1,9.91,0,35,0
295,David Sills,NYG,WR,26,6,5,0,0,0,0,0,0,0,,0,14,9,82,9.11,0,0,0,0,,,8,17.2,17.2,12.7,,116,,SillDa01,2,3.92,2,13.33,0,0,235,396,59.34,39.17,0,5.96,64.3,5.86,0,14,0
95,Davis Mills,HOU,QB,24,5,5,104,166,1048,5,4,6,2,0.33,0,0,0,0,,0,4,1,0,,,52,52.1,60.1,56.1,,29,,MillDa02,0,0,0,0,0,0,0,0,0,0,0,0,0,0,80.6,0,134
202,Dawson Knox,BUF,TE,26,5,5,0,0,0,0,0,0,0,,0,20,15,148,9.87,1,0,0,1,,,21,35.8,38.8,28.3,,26,,KnoxDa00,3,5.56,3,9.09,0,0,273,356,76.69,54.6,0,7.33,75,7.4,0,20,0
394,Dax Milne,WAS,WR,23,6,0,0,0,0,0,0,0,0,,0,4,3,23,7.67,0,0,0,0,,,2,5.3,5.3,3.8,,152,,MilnDa00,2,4.65,2,8.33,0,0,22,422,5.21,3.67,0,18.18,75,5.75,0,4,0
192,DeAndre Carter,LAC,WR,29,6,3,0,0,0,0,0,1,-5,-5,0,21,16,192,12,1,1,1,1,,,23,38.7,42.7,30.7,,78,,CartDe02,3,5,3,8.11,0,0,278,437,63.62,46.33,0.36,7.55,76.2,9.14,0,21,0
271,DeAndre Hopkins,ARI,WR,30,1,1,0,0,0,0,0,0,0,,0,14,10,103,10.3,0,1,0,0,,,10,20.3,23.3,15.3,,109,,HopkDe00,0,0,0,0,0,0,0,0,0,0,0,0,0,0,0,0,0
30,Deebo Samuel,SFO,WR,26,6,5,0,0,0,0,0,23,136,5.91,1,47,27,345,12.78,2,2,1,3,,,64,91.1,98.1,77.6,18,9,30,SamuDe00,9,18,6,37.5,3,8.82,302,377,80.11,50.33,7.62,15.56,57.4,7.34,0,47,0
354,DeeJay Dallas,SEA,RB,24,6,0,0,1,0,0,1,6,26,4.33,0,3,3,23,7.67,0,0,0,0,,,3,5.9,6.9,5.4,,95,,DallDe00,0,0,0,0,0,0,56,365,15.34,9.33,10.71,5.36,100,7.67,0,3,0
239,Demarcus Robinson,BAL,WR,28,6,1,0,0,0,0,0,0,0,,0,17,9,76,8.44,1,0,0,1,,,14,22.6,22.6,18.1,,99,,RobiDe01,3,5.77,3,10.71,0,0,203,369,55.01,33.83,0,8.37,52.9,4.47,0,17,0
455,Demetric Felton,CLE,RB,24,3,0,0,0,0,0,0,1,-4,-4,0,2,1,3,3,0,1,0,0,,,,0.9,0.9,0.4,,136,,FeltDe00,0,0,0,0,0,0,23,220,10.45,7.67,4.35,8.7,50,1.5,0,2,0
383,Dennis Houston,DAL,WR,23,2,0,0,0,0,0,0,0,0,,0,6,2,16,8,0,0,0,0,,,2,3.6,3.6,2.6,,163,,HousDe01,0,0,0,0,0,0,60,130,46.15,30,0,10,33.3,2.67,0,6,0
164,Deon Jackson,IND,RB,23,6,1,0,0,0,0,0,27,101,3.74,1,14,14,108,7.71,0,0,0,1,,,27,40.9,46.9,33.9,,47,,JackDe02,5,9.62,2,6.06,3,15.79,102,439,23.23,17,26.47,13.73,100,7.71,0,14,0
508,Deonte Harty,NOR,WR,25,4,0,0,0,0,0,0,0,0,,0,2,2,13,6.5,0,1,1,0,,,-1,1.3,2.3,0.3,,200,,HarrDe07,0,0,0,0,0,0,24,266,9.02,6,0,8.33,100,6.5,0,2,0
85,Derek Carr,LVR,QB,31,5,5,113,184,1279,8,4,11,69,6.27,0,0,0,0,,0,2,0,0,,,82,82.1,89.1,86.1,,19,,CarrDe02,2,3.92,0,0,2,10,0,0,0,0,0,0,0,0,87.7,0,170.2
501,Derek Watt,PIT,RB,30,6,1,0,0,0,0,0,1,2,2,0,1,1,1,1,0,0,0,0,,,,1.3,1.3,0.8,,116,,WattDe00,0,0,0,0,0,0,19,384,4.95,3.17,5.26,5.26,100,1,0,1,0
415,D'Ernest Johnson,CLE,RB,26,4,0,0,0,0,0,0,0,0,,0,2,2,9,4.5,0,0,0,0,,,1,2.9,2.9,1.9,,108,,JohnDE04,0,0,0,0,0,0,10,282,3.55,2.5,0,20,100,4.5,0,2,0
18,Derrick Henry,TEN,RB,28,5,5,0,0,0,0,0,104,408,3.92,5,14,10,121,12.1,0,1,0,5,,,83,92.9,98.9,87.9,31,6,18,HenrDe00,15,50,3,18.75,12,85.71,191,297,64.31,38.2,54.45,7.33,71.4,8.64,0,14,0
144,DeVante Parker,NWE,WR,29,6,5,0,0,0,0,0,0,0,,0,22,12,253,21.08,1,0,0,1,,,31,43.3,46.3,37.3,,51,,ParkDe01,1,1.92,1,4.55,0,0,315,379,83.11,52.5,0,6.98,54.5,11.5,0,22,0
437,Devin Asiasi,CIN,,25,3,0,0,0,0,0,0,0,0,,0,1,0,0,,0,0,0,0,,,,,,,,102,,AsiaDe00,0,0,0,0,0,0,41,189,21.69,13.67,0,2.44,0,0,0,1,0
56,Devin Duvernay,BAL,WR,25,6,6,0,0,0,0,0,5,22,4.4,0,25,18,240,13.33,3,0,0,4,,,50,68.2,71.2,59.2,5,23,56,DuveDe00,6,11.54,5,17.86,1,4.17,228,369,61.79,38,2.19,10.96,72,9.6,0,25,0
102,Devin Singletary,BUF,RB,25,6,6,0,0,0,0,0,57,256,4.49,0,28,22,167,7.59,1,1,1,1,,,46,68.3,75.3,57.3,,30,,SingDe00,14,22.95,7,18.42,7,30.43,288,412,69.9,48,19.79,9.72,78.6,5.96,0,28,0
483,Devine Ozigbo,DEN,RB,26,1,0,0,0,0,0,0,1,2,2,0,0,0,0,,0,0,0,0,,,,0.2,0.2,0.2,,117,,OzigDe01,0,0,0,0,0,0,2,73,2.74,2,50,0,0,0,0,0,0
53,DeVonta Smith,PHI,WR,24,6,6,0,0,0,0,0,0,0,,0,43,33,397,12.03,2,0,0,2,,,52,84.7,87.7,68.2,6,21,53,SmitDe07,4,5.26,4,16.67,0,0,414,446,92.83,69,0,10.39,76.7,9.23,0,43,0
395,Dezmon Patmon,IND,WR,24,1,0,0,0,0,0,0,0,0,,0,6,2,24,12,0,0,0,0,,,2,4.4,4.4,3.4,,151,,PatmDe00,1,16.67,1,20,0,0,24,50,48,24,0,25,33.3,4,0,6,0
138,Diontae Johnson,PIT,WR,26,6,6,0,0,0,0,0,4,19,4.75,0,57,33,295,8.94,0,1,0,0,1,,33,66.4,69.4,49.9,,48,,JohnDi01,6,15.38,5,29.41,1,4.55,348,384,90.63,58,1.15,16.38,57.9,5.18,0,57,0
222,DJ Chark,DET,WR,26,3,3,0,0,0,0,0,0,0,,0,18,7,98,14,1,0,0,1,,,16,22.8,22.8,19.3,,90,,CharDJ00,2,7.14,2,14.29,0,0,158,208,75.96,52.67,0,11.39,38.9,5.44,0,18,0
331,Donald Parham,LAC,TE,25,2,0,0,0,0,0,0,0,0,,0,4,3,53,17.67,0,0,0,0,,,5,8.3,8.3,6.8,,66,,ParhDo00,1,3.85,1,6.67,0,0,46,164,28.05,23,0,8.7,75,13.25,0,4,0
166,Donovan Peoples-Jones,CLE,WR,23,6,4,0,0,0,0,0,1,2,2,0,36,20,265,13.25,0,0,0,0,,,27,46.7,49.7,36.7,,63,,PeopDo00,4,5.71,4,14.29,0,0,362,429,84.38,60.33,0.28,9.94,55.6,7.36,0,36,0
338,D'Onta Foreman,CAR,RB,26,6,0,0,0,0,0,0,12,37,3.08,0,0,0,0,,0,0,0,0,,,4,3.7,3.7,3.7,,90,,ForeDO00,0,0,0,0,0,0,31,337,9.2,5.17,38.71,0,0,0,0,0,0
136,Dontrell Hilliard,TEN,RB,27,4,0,0,0,0,0,0,5,22,4.4,0,14,12,132,11,3,0,0,3,,,33,45.4,48.4,39.4,,42,,HillDo00,2,7.69,2,14.29,0,0,63,241,26.14,15.75,7.94,22.22,85.7,9.43,0,14,0
106,Drake London,ATL,WR,21,6,5,0,0,0,0,0,0,0,,0,43,25,306,12.24,2,0,0,2,1,,45,69.6,72.6,57.1,,31,,LondDr00,4,6.9,4,26.67,0,0,279,372,75,46.5,0,15.41,58.1,7.12,0,43,0
489,Drew Sample,CIN,TE,26,2,2,0,0,0,0,0,0,0,,0,2,2,-2,-1,0,0,0,0,,,,1.8,1.8,0.8,,119,,SampDr00,1,5.26,1,8.33,0,0,39,170,22.94,19.5,0,5.13,100,-1,0,2,0
267,Durham Smythe,MIA,TE,27,5,5,0,0,0,0,0,1,1,1,1,7,6,50,8.33,0,0,0,1,,,11,17.1,17.1,14.1,,42,,SmytDu00,2,5.56,1,4.55,1,7.14,178,305,58.36,35.6,0.56,3.93,85.7,7.14,0,7,0
310,D'Wayne Eskridge,SEA,WR,25,6,0,0,0,0,0,0,1,6,6,0,8,6,55,9.17,0,0,0,0,,,6,12.1,12.1,9.1,,130,,EskrDW00,0,0,0,0,0,0,0,0,0,0,0,0,0,0,0,0,0
402,Dwayne Washington,NOR,RB,28,6,0,0,0,0,0,0,4,18,4.5,0,0,0,0,,0,0,0,0,,,2,1.8,1.8,1.8,,103,,WashDw00,0,0,0,0,0,0,11,346,3.18,2.2,36.36,0,0,0,0,0,0
190,Dyami Brown,WAS,WR,23,6,0,0,0,0,0,0,0,0,,0,9,3,111,37,2,0,0,2,,,23,26.1,29.1,24.6,,75,,BrowDy00,0,0,0,0,0,0,60,422,14.22,10,0,15,33.3,12.33,0,9,0
344,Elijah Mitchell,SFO,RB,24,1,1,0,0,0,0,0,6,41,6.83,0,0,0,0,,0,0,0,0,,,4,4.1,4.1,4.1,,88,,MitcEl00,1,10,0,0,1,10,17,68,25,17,35.29,0,0,0,0,0,0
205,Elijah Moore,NYJ,WR,22,6,6,0,0,0,0,0,2,-4,-2,0,29,16,203,12.69,0,0,0,0,,,20,35.9,38.9,27.9,,82,,MoorEl00,3,5.17,3,11.54,0,0,343,416,82.45,57.17,0.58,8.75,53.3,6.77,0,30,0
57,Eno Benjamin,ARI,RB,23,7,2,0,0,0,0,0,57,265,4.65,2,25,19,146,7.68,0,0,0,2,1,,55,74.1,80.1,64.6,5,19,57,BenjEn00,11,20.75,4,13.33,7,30.43,191,451,42.35,31.83,23.56,10.47,75,6.25,0,20,0
204,Equanimeous St. Brown,CHI,WR,26,6,6,0,0,0,0,0,3,44,14.67,0,13,6,110,18.33,1,1,0,1,,,21,27.4,30.4,24.4,,81,,St.BEq00,2,4.35,2,20,0,0,263,346,76.01,43.83,1.14,4.94,46.2,8.46,0,13,0
240,Eric Saubert,DEN,TE,28,6,2,0,0,0,0,0,0,0,,0,13,7,83,11.86,1,0,0,1,,,14,21.3,21.3,17.8,,34,,SaubEr00,2,4.35,2,6.67,0,0,162,396,40.91,27,0,8.02,53.8,6.38,0,13,0
398,Eric Tomlinson,DEN,TE,30,6,5,0,0,0,0,0,0,0,,0,3,1,16,16,0,0,0,0,,,2,2.6,2.6,2.1,,89,,TomlEr01,1,2.17,1,3.33,0,0,154,396,38.89,25.67,0,1.95,33.3,5.33,0,3,0
193,Evan Engram,JAX,TE,28,6,5,0,0,0,0,0,1,0,0,0,32,24,208,8.67,0,0,0,0,1,,23,46.8,49.8,34.8,,23,,EngrEv00,3,4.76,2,7.14,1,2.86,297,402,73.88,49.5,0.34,10.77,75,6.5,0,32,0
63,Ezekiel Elliott,DAL,RB,27,6,6,0,0,0,0,0,94,386,4.11,2,8,6,32,5.33,0,0,0,2,,,54,59.8,62.8,56.8,3,22,63,ElliEz00,7,21.88,0,0,7,53.85,238,377,63.13,39.67,39.5,3.36,75,4,0,8,0
457,Feleipe Franks,ATL,,25,4,0,0,0,0,0,0,0,0,,0,2,0,0,,0,0,0,0,,,,,,,,50,,FranFe00,0,0,0,0,0,0,36,236,15.25,9,0,5.56,0,0,0,2,0
301,Foster Moreau,LVR,TE,25,3,2,0,0,0,0,0,0,0,,0,8,6,74,12.33,0,0,0,0,,,7,13.4,13.4,10.4,,54,,MoreFo00,1,2.78,1,4,0,0,94,195,48.21,31.33,0,9.57,66.7,8.22,0,9,0
32,Gabriel Davis,BUF,WR,23,5,5,0,0,0,0,0,0,0,,0,26,14,383,27.36,4,0,0,4,,,62,76.3,79.3,69.3,16,11,32,DaviGa01,2,4.26,2,7.14,0,0,324,344,94.19,64.8,0,8.02,53.8,14.73,0,26,0
119,Garrett Wilson,NYJ,WR,22,6,3,0,0,0,0,0,1,-2,-2,0,48,24,290,12.08,2,0,0,2,,,41,64.8,67.8,52.8,,37,,WilsGa00,9,15.52,9,34.62,0,0,244,416,58.65,40.67,0.41,19.26,51.1,6.17,0,47,0
288,Gary Brightwell,NYG,RB,23,6,0,0,0,0,0,0,4,19,4.75,1,0,0,0,,0,0,0,1,,,8,7.9,7.9,7.9,,83,,BrigGa00,2,3.92,0,0,2,5.56,12,396,3.03,2,33.33,0,0,0,0,0,0
36,Geno Smith,SEA,QB,32,6,6,138,188,1502,9,2,26,125,4.81,1,0,0,0,,0,2,0,1,,,111,110.6,118.6,112.6,15,7,36,SmitGe00,3,8.11,0,0,3,16.67,0,0,0,0,0,0,0,0,108.1,0,209.6
276,Geoff Swaim,TEN,TE,29,5,5,0,0,0,0,0,0,0,,0,8,7,43,6.14,1,0,0,1,,,10,17.3,17.3,13.8,,46,,SwaiGe00,2,6.67,2,12.5,0,0,194,297,65.32,38.8,0,4.12,87.5,5.38,0,8,0
225,George Kittle,SFO,TE,29,4,4,0,0,0,0,0,0,0,,0,25,19,182,9.58,0,1,1,0,,,16,35.2,39.2,25.7,,30,,KittGe00,3,12,3,23.08,0,0,216,233,92.7,54,0,11.57,76,7.28,0,25,0
159,George Pickens,PIT,WR,21,6,3,0,0,0,0,0,1,1,1,0,34,20,277,13.85,0,0,0,0,,,28,47.8,50.8,37.8,,60,,PickGe00,2,5.13,2,11.76,0,0,295,384,76.82,49.17,0.34,11.53,58.8,8.15,0,34,0
61,Gerald Everett,LAC,TE,28,6,5,0,0,0,0,0,0,0,,0,36,22,242,11,2,0,0,2,,,36,58.2,61.2,47.2,4,8,61,EverGe00,5,8.33,5,13.51,0,0,283,437,64.76,47.17,0,12.72,61.1,6.72,0,36,0
439,Giovani Bernard,TAM,,31,2,0,0,0,0,0,0,0,0,,0,0,0,0,,0,0,0,0,,,,,,,,121,,BernGi00,0,0,0,0,0,0,0,0,0,0,0,0,0,0,0,0,0
318,Giovanni Ricci,CAR,RB,26,6,2,0,0,0,0,0,0,0,,0,6,5,58,11.6,0,0,0,0,,,6,10.8,10.8,8.3,,84,,RiccGi00,0,0,0,0,0,0,111,337,32.94,18.5,0,5.41,83.3,9.67,0,6,0
336,Grant Calcaterra,PHI,TE,24,4,1,0,0,0,0,0,0,0,,0,1,1,40,40,0,0,0,0,,,4,5,5,4.5,,71,,CalcGr00,0,0,0,0,0,0,45,296,15.2,11.25,0,2.22,100,40,0,1,0
135,Greg Dortch,ARI,WR,24,7,2,0,0,0,0,0,1,1,1,0,25,22,209,9.5,2,0,0,2,,,33,55,58,44,,50,,DortGr01,2,3.77,2,6.67,0,0,221,451,49,36.83,0,10.86,87.5,8.5,0,24,0
270,Greg Dulcich,DEN,TE,22,1,0,0,0,0,0,0,0,0,,0,3,2,44,22,1,0,0,1,,,10,12.4,12.4,11.4,,45,,DulcGr00,1,33.33,1,33.33,0,0,41,58,70.69,41,0,7.32,66.7,14.67,0,3,0
481,Gunner Olszewski,PIT,WR,26,5,0,0,0,0,0,0,2,18,9,0,0,0,0,,0,2,1,0,,,,-0.2,0.8,-0.2,,197,,OlszGu00,0,0,0,0,0,0,29,309,9.39,5.8,6.9,0,0,0,0,0,0
269,Harrison Bryant,CLE,TE,24,6,4,0,0,0,0,0,0,0,,0,19,12,99,8.25,0,0,0,0,,,10,21.9,21.9,15.9,,47,,BryaHa00,3,4.29,3,10.71,0,0,215,429,50.12,35.83,0,8.84,63.2,5.21,0,19,0
339,Hassan Haskins,TEN,RB,23,5,0,0,0,0,0,0,9,37,4.11,0,1,1,0,0,0,0,0,0,,,4,4.7,4.7,4.2,,91,,HaskHa00,0,0,0,0,0,0,43,297,14.48,8.6,20.93,2.33,100,0,0,1,0
148,Hayden Hurst,CIN,TE,29,6,6,0,0,0,0,0,0,0,,0,31,23,178,7.74,2,0,0,2,,,30,52.8,55.8,41.3,,13,,HursHa00,6,10.34,6,17.14,0,0,285,422,67.54,47.5,0,10.88,74.2,5.74,0,31,0
195,Hunter Henry,NWE,TE,28,6,5,0,0,0,0,0,0,0,,0,21,13,156,12,1,0,0,1,,,22,34.6,37.6,28.1,,24,,HenrHu00,5,9.62,5,22.73,0,0,300,379,79.16,50,0,7,61.9,7.43,0,21,0
476,Hunter Long,MIA,,24,2,0,0,0,0,0,0,0,0,,0,0,0,0,,0,0,0,0,,,,,,,,111,,LongHu00,0,0,0,0,0,0,33,138,23.91,16.5,0,0,0,0,0,0,0
285,Hunter Renfrow,LVR,WR,27,3,1,0,0,0,0,0,0,0,,0,20,14,105,7.5,0,3,1,0,,,9,22.5,26.5,15.5,,115,,RenfHu00,2,10,2,15.38,0,0,129,189,68.25,43,0,15.5,70,5.25,0,20,0
257,Ian Thomas,CAR,TE,26,6,6,0,0,0,0,0,0,0,,0,16,10,115,11.5,0,0,0,0,,,12,21.5,24.5,16.5,,40,,ThomIa00,0,0,0,0,0,0,181,337,53.71,30.17,0,8.84,62.5,7.19,0,16,0
510,Ihmir Smith-Marsette,CHI,WR,23,6,0,0,0,0,0,0,1,-1,-1,0,4,1,15,15,0,1,1,0,,,-1,0.4,1.4,-0.1,,199,,SmitIh00,1,2.17,1,10,0,0,58,346,16.76,9.67,1.72,6.9,25,3.75,0,4,0
173,Irv Smith Jr.,MIN,TE,24,6,0,0,0,0,0,0,0,0,,0,29,18,140,7.78,2,1,0,2,,,26,44,47,35,,18,,SmitIr01,5,8.62,5,13.16,0,0,219,398,55.03,36.5,0,13.24,62.1,4.83,0,29,0
341,Isaiah Hodgins,BUF,WR,24,2,0,0,0,0,0,0,0,0,,0,6,4,41,10.25,0,0,0,0,,,4,8.1,8.1,6.1,,140,,HodgIs00,1,6.67,1,9.09,0,0,16,129,12.4,8,0,37.5,66.7,6.83,0,6,0
281,Isaiah Likely,BAL,TE,22,6,0,0,0,0,0,0,0,0,,0,17,9,88,9.78,0,0,0,0,,,9,17.8,17.8,13.3,,52,,LikeIs00,3,5.77,3,10.71,0,0,120,369,32.52,20,0,14.17,52.9,5.18,0,17,0
131,Isaiah McKenzie,BUF,WR,27,5,4,0,0,0,0,0,1,6,6,0,26,17,162,9.53,3,0,0,3,,,35,51.8,54.8,43.3,,43,,McKeIs00,6,11.11,6,18.18,0,0,172,356,48.31,34.4,0.58,15.12,65.4,6.23,0,26,0
197,Isiah Pacheco,KAN,RB,22,6,0,0,0,0,0,0,31,149,4.81,1,2,2,9,4.5,0,2,0,1,,,22,23.8,26.8,22.8,,57,,PachIs00,7,8.75,0,0,7,21.21,55,409,13.45,9.17,56.36,3.64,100,4.5,0,2,0
171,J.D. McKissic,WAS,RB,29,6,0,0,0,0,0,0,19,85,4.47,0,33,24,159,6.63,0,0,0,0,1,,26,50.4,53.4,38.4,,49,,McKiJ.00,2,4.65,1,4.17,1,5.26,187,422,44.31,31.17,10.16,17.65,72.7,4.82,0,33,0
156,J.K. Dobbins,BAL,RB,24,4,4,0,0,0,0,0,35,123,3.51,1,6,6,39,6.5,1,0,0,2,,,28,34.2,37.2,31.2,,44,,DobbJK00,8,21.05,1,4.55,7,43.75,103,254,40.55,25.75,33.98,5.83,100,6.5,0,6,0
468,J.P. Holtz,NOR,,29,4,2,0,0,0,0,0,0,0,,0,0,0,0,,0,0,0,0,,,,,,,,108,,HoltJ.01,0,0,0,0,0,0,57,209,27.27,19,0,0,0,0,0,0,0
366,Jack Stoll,PHI,TE,24,6,4,0,0,0,0,0,0,0,,0,3,2,25,12.5,0,0,0,0,,,3,4.5,4.5,3.5,,80,,StolJa00,1,1.32,1,4.17,0,0,180,446,40.36,30,0,1.67,66.7,8.33,0,3,0
452,Jacob Eason,CAR,QB,25,1,0,3,5,59,0,1,0,0,,0,0,0,0,,0,0,0,0,,,,0.4,1.4,1.4,,46,,EasoJa00,0,0,0,0,0,0,0,0,0,0,0,0,0,0,61.7,0,255.8
464,Jacob Harris,LAR,,25,3,0,0,0,0,0,0,0,0,,0,0,0,0,,0,0,0,0,,,,,,,,106,,HarrJa03,0,0,0,0,0,0,1,175,0.57,0.33,0,0,0,0,0,0,0
467,Jacob Hollister,MIN,,29,1,0,0,0,0,0,0,0,0,,0,0,0,0,,0,0,0,0,,,,,,,,107,,HollJa03,0,0,0,0,0,0,0,0,0,0,0,0,0,0,0,0,0
84,Jacoby Brissett,CLE,QB,30,6,6,124,206,1326,6,5,22,112,5.09,1,0,0,0,,0,2,1,1,,,82,82.2,94.2,87.2,,18,,BrisJa00,6,8.57,0,0,6,14.29,0,0,0,0,0,0,0,0,78.7,0,250.3
355,Jaelon Darden,TAM,WR,23,6,0,0,0,0,0,0,1,2,2,0,1,1,25,25,0,0,0,0,,,3,3.7,3.7,3.2,,148,,DardJa00,0,0,0,0,0,0,53,409,12.96,8.83,1.89,1.89,100,25,0,1,0
120,Jahan Dotson,WAS,WR,22,4,3,0,0,0,0,0,1,-10,-10,0,22,12,152,12.67,4,0,0,4,1,,40,52.2,55.2,46.2,,38,,DotsJa00,3,9.09,3,15.79,0,0,252,302,83.44,63,0.4,8.73,54.5,6.91,0,22,0
251,Jake Ferguson,DAL,TE,23,6,4,0,0,0,0,0,0,0,,0,10,7,60,8.57,1,0,0,1,,,12,19,19,15.5,,37,,FergJa00,2,6.25,2,10.53,0,0,184,377,48.81,30.67,0,5.43,70,6,0,10,0
458,Jake Funk,LAR,,24,5,0,0,0,0,0,0,0,0,,0,0,0,0,,0,0,0,0,,,,,,,,127,,FunkJa00,0,0,0,0,0,0,1,316,0.32,0.2,0,0,0,0,0,0,0
315,Jake Kumerow,BUF,WR,30,3,1,0,0,0,0,0,0,0,,0,5,4,64,16,0,0,0,0,,,6,10.4,10.4,8.4,,127,,KumeJa00,0,0,0,0,0,0,72,219,32.88,24,0,6.94,80,12.8,0,5,0
416,Jakob Johnson,LVR,RB,28,5,2,0,0,0,0,0,0,0,,0,2,2,6,3,0,0,0,0,,,1,2.6,2.6,1.6,,110,,JohnJa12,0,0,0,0,0,0,92,334,27.54,18.4,0,2.17,100,3,0,2,0
121,Jakobi Meyers,NWE,WR,26,4,3,0,0,0,0,0,1,7,7,0,31,24,321,13.38,1,0,0,1,,,39,62.8,65.8,50.8,,39,,MeyeJa01,0,0,0,0,0,0,211,255,82.75,52.75,0.47,14.69,77.4,10.35,0,31,0
311,Jalen Guyton,LAC,WR,25,3,0,0,0,0,0,0,0,0,,0,4,2,64,32,0,0,0,0,,,6,8.4,8.4,7.4,,126,,GuytJa01,0,0,0,0,0,0,29,203,14.29,9.67,0,13.79,50,16,0,4,0
7,Jalen Hurts,PHI,QB,24,6,6,123,184,1514,6,2,77,293,3.81,6,0,0,0,,0,3,0,6,,,146,145.9,153.9,147.9,48,3,7,HurtJa00,25,32.89,0,0,25,48.08,0,0,0,0,0,0,0,0,98.4,0,59
421,Jalen Nailor,MIN,WR,23,5,0,0,0,0,0,0,0,0,,0,1,1,13,13,0,0,0,0,,,1,2.3,2.3,1.8,,169,,NailJa00,0,0,0,0,0,0,1,319,0.31,0.2,0,100,100,13,0,1,0
284,Jalen Reagor,MIN,WR,23,6,0,0,0,0,0,0,1,17,17,0,5,3,10,3.33,1,2,0,1,,,9,11.7,11.7,10.2,,114,,ReagJa00,1,1.72,1,2.63,0,0,18,398,4.52,3,5.56,27.78,60,2,0,5,0
496,Jalen Tolbert,DAL,WR,23,2,0,0,0,0,0,0,0,0,,0,2,1,4,4,0,0,0,0,,,,1.4,1.4,0.9,,176,,TolbJa00,1,5.56,1,9.09,0,0,26,131,19.85,13,0,7.69,50,2,0,2,0
27,Jamaal Williams,DET,RB,27,5,2,0,0,0,0,0,77,332,4.31,6,8,5,30,6,0,0,0,6,,,72,77.2,80.2,74.7,21,11,27,WillJa06,16,36.36,1,3.85,15,83.33,138,348,39.66,27.6,55.8,5.8,62.5,3.75,0,8,0
189,Jamal Agnew,JAX,WR,27,6,0,0,0,0,0,0,5,29,5.8,0,11,7,78,11.14,2,0,0,2,,,23,29.7,29.7,26.2,,77,,AgneJa00,3,4.76,2,7.14,1,2.86,55,402,13.68,9.17,9.09,20,63.6,7.09,0,11,0
26,Ja'Marr Chase,CIN,WR,22,6,6,0,0,0,0,0,4,2,0.5,0,63,39,475,12.18,4,1,1,4,,,70,108.7,112.7,89.2,23,7,26,ChasJa00,14,24.14,13,37.14,1,4.35,405,422,95.97,67.5,0.99,15.56,61.9,7.54,0,63,0
109,Jameis Winston,NOR,QB,28,3,3,73,115,858,4,5,5,16,3.2,0,0,0,0,,0,3,0,0,,1,44,43.9,51.9,48.9,,32,,WinsJa00,0,0,0,0,0,0,0,0,0,0,0,0,0,0,79.5,0,221
128,James Conner,ARI,RB,27,5,5,0,0,0,0,0,54,200,3.7,1,19,14,103,7.36,0,1,0,1,,,36,50.3,56.3,43.3,,41,,ConnJa00,9,18.75,1,3.57,8,40,189,380,49.74,37.8,28.57,10.05,73.7,5.42,0,19,0
218,James Cook,BUF,RB,23,6,0,0,0,0,0,0,19,97,5.11,1,7,4,37,9.25,0,1,1,1,,,17,21.4,22.4,19.4,,65,,CookJa01,5,8.2,3,7.89,2,8.7,54,412,13.11,9,35.19,12.96,57.1,5.29,0,7,0
422,James Proche,BAL,WR,26,4,0,0,0,0,0,0,0,0,,0,2,1,7,7,0,0,0,0,,,1,1.7,1.7,1.2,,175,,ProcJa00,0,0,0,0,0,0,32,250,12.8,8,0,6.25,50,3.5,0,2,0
42,James Robinson,JAX,RB,24,6,5,0,0,0,0,0,81,340,4.2,3,10,9,46,5.11,1,1,0,4,,,63,71.6,74.6,67.1,12,16,42,RobiJa00,18,28.57,1,3.57,17,48.57,202,402,50.25,33.67,40.1,4.95,90,4.6,0,10,0
308,Jamison Crowder,BUF,WR,29,4,0,0,0,0,0,0,0,0,,0,13,6,60,10,0,1,0,0,,,6,12,12,9,,131,,CrowJa00,1,2.17,1,3.7,0,0,93,283,32.86,23.25,0,13.98,46.2,4.62,0,13,0
229,Jamycal Hasty,JAX,RB,26,6,0,0,0,0,0,0,4,63,15.75,1,3,2,22,11,0,0,0,1,,,15,16.5,16.5,15.5,,67,,HastJa02,0,0,0,0,0,0,22,402,5.47,3.67,18.18,13.64,66.7,7.33,0,3,0
79,Jared Goff,DET,QB,28,5,5,111,186,1355,11,4,10,23,2.3,0,0,0,0,,0,2,1,0,1,1,95,94.5,102.5,98.5,,13,,GoffJa00,1,2.27,0,0,1,5.56,0,0,0,0,0,0,0,0,92.9,0,252.3
209,Jarvis Landry,NOR,WR,30,4,1,0,0,0,0,0,0,0,,0,21,15,168,11.2,0,0,0,0,1,,19,33.8,36.8,26.3,,83,,LandJa00,1,3.7,1,5.56,0,0,149,258,57.75,37.25,0,14.09,71.4,8,0,21,0
478,Jason Moore,LAC,,27,3,0,0,0,0,0,0,0,0,,0,0,0,0,,0,0,0,0,,,,,,,,189,,MoorJa02,0,0,0,0,0,0,24,234,10.26,8,0,0,0,0,0,0,0
224,Jauan Jennings,SFO,WR,25,6,1,0,0,0,0,0,0,0,,0,20,12,156,13,0,0,0,0,,,16,27.6,30.6,21.6,,91,,JennJa00,0,0,0,0,0,0,154,377,40.85,25.67,0,12.99,60,7.8,0,20,0
506,Javon Wims,ARI,,28,1,0,0,0,0,0,0,0,0,,0,0,0,0,,0,0,0,0,,,,,,,,196,,WimsJa00,0,0,0,0,0,0,5,71,7.04,5,0,0,0,0,0,0,0
175,Javonte Williams,DEN,RB,22,4,4,0,0,0,0,0,47,204,4.34,0,22,16,76,4.75,0,1,1,0,,,26,42,46,34,,51,,WillJa10,10,32.26,6,27.27,4,44.44,142,265,53.58,35.5,33.1,15.49,72.7,3.45,0,22,0
24,Jaylen Waddle,MIA,WR,24,6,6,0,0,0,0,0,2,17,8.5,0,49,30,533,17.77,3,1,1,3,,,71,101,105,86,25,6,24,WaddJa00,4,9.52,4,15.38,0,0,297,383,77.55,49.5,0.67,16.16,62.5,11.1,0,48,0
241,Jaylen Warren,PIT,RB,24,6,0,0,0,0,0,0,21,96,4.57,0,9,7,46,6.57,0,1,0,0,,,14,21.2,21.2,17.7,,71,,WarrJa01,5,12.82,0,0,5,22.73,126,384,32.81,21,16.67,7.14,77.8,5.11,0,9,0
375,Jeff Driskel,HOU,TE,29,2,0,0,0,0,0,0,2,15,7.5,0,0,0,0,,0,0,0,0,,,2,1.5,1.5,1.5,,90,,DrisJe00,0,0,0,0,0,0,0,0,0,0,0,0,0,0,0,0,0
365,Jeff Smith,NYJ,WR,25,6,0,0,0,0,0,0,0,0,,0,3,2,28,14,0,0,0,0,,,3,4.8,4.8,3.8,,147,,SmitJe03,0,0,0,0,0,0,55,416,13.22,9.17,0,5.45,66.7,9.33,0,3,0
58,Jeff Wilson,SFO,RB,27,6,4,0,0,0,0,0,81,400,4.94,2,10,8,70,8.75,0,2,2,2,,,55,63,68,59,5,20,58,WilsJe01,15,30,2,12.5,13,38.24,221,377,58.62,36.83,36.65,4.52,80,7,0,10,0
182,Jelani Woods,IND,TE,24,6,0,0,0,0,0,0,0,0,,0,8,5,73,14.6,3,0,0,3,,,25,30.3,30.3,27.8,,20,,WoodJe01,3,5.77,3,9.09,0,0,101,439,23.01,16.83,0,7.92,62.5,9.13,0,8,0
181,Jerick McKinnon,KAN,RB,30,6,0,0,0,0,0,0,27,107,3.96,0,14,11,80,7.27,1,0,0,1,,,25,35.7,38.7,30.2,,52,,McKiJe00,11,13.75,3,6.38,8,24.24,172,409,42.05,28.67,15.7,8.14,78.6,5.71,0,14,0
116,Jerry Jeudy,DEN,WR,23,6,6,0,0,0,0,0,1,1,1,0,36,17,290,17.06,2,0,0,2,,,41,58.1,61.1,49.6,,35,,JeudJe00,6,13.04,6,20,0,0,274,396,69.19,45.67,0.36,13.14,47.2,8.06,0,36,0
382,Jesper Horsted,LVR,TE,25,5,0,0,0,0,0,0,0,0,,0,3,3,19,6.33,0,0,0,0,,,2,4.9,4.9,3.4,,87,,HorsJe00,0,0,0,0,0,0,42,334,12.57,8.4,0,7.14,100,6.33,0,3,0
470,Jesse James,CLE,,28,2,0,0,0,0,0,0,0,0,,0,0,0,0,,0,0,0,0,,,,,,,,110,,JameJe00,0,0,0,0,0,0,18,147,12.24,9,0,0,0,0,0,0,0
87,Jimmy Garoppolo,SFO,QB,31,5,4,94,148,1153,7,3,10,18,1.8,1,0,0,0,,0,2,1,1,,,74,73.9,80.9,76.9,,21,,GaroJi00,4,10,0,0,4,16.67,0,0,0,0,0,0,0,0,94.8,0,286
244,Jody Fortson,KAN,TE,27,6,0,0,0,0,0,0,0,0,,0,3,2,11,5.5,2,0,0,2,,,13,15.1,15.1,14.1,,35,,FortJo01,3,3.75,3,6.38,0,0,88,409,21.52,14.67,0,3.41,66.7,3.67,0,3,0
17,Joe Burrow,CIN,QB,26,6,6,152,228,1616,12,5,27,110,4.07,2,0,0,0,,0,3,1,2,,2,128,127.6,139.6,132.6,31,6,17,BurrJo01,4,6.9,0,0,4,17.39,0,0,0,0,0,0,0,0,95.6,0,271
105,Joe Flacco,NYJ,QB,37,3,3,91,155,901,5,3,3,6,2,0,0,0,0,,0,4,3,0,,,45,44.6,53.6,47.6,,31,,FlacJo00,0,0,0,0,0,0,0,0,0,0,0,0,0,0,77.9,0,0
44,Joe Mixon,CIN,RB,26,6,6,0,0,0,0,0,104,347,3.34,1,33,24,149,6.21,1,0,0,2,,,62,85.6,91.6,73.6,11,18,44,MixoJo00,22,37.93,5,14.29,17,73.91,309,422,73.22,51.5,33.66,10.36,75,4.66,0,32,0
297,John Bates,WAS,TE,25,5,3,0,0,0,0,0,0,0,,0,14,9,73,8.11,0,1,0,0,,,7,16.3,16.3,11.8,,55,,BateJo00,0,0,0,0,0,0,153,365,41.92,30.6,0,9.15,64.3,5.21,0,14,0
294,Johnny Mundt,MIN,TE,28,6,5,0,0,0,0,0,0,0,,0,13,11,75,6.82,0,0,0,0,,,8,18.5,18.5,13,,53,,MundJo00,2,3.45,2,5.26,0,0,180,398,45.23,30,0,7.22,84.6,5.77,0,13,0
118,Jonathan Taylor,IND,RB,23,4,4,0,0,0,0,0,81,328,4.05,1,16,9,44,4.89,0,1,1,1,,,41,50.2,54.2,45.7,,37,,TaylJo02,16,40,1,4.17,15,93.75,219,279,78.49,54.75,36.99,7.31,56.3,2.75,0,16,0
500,Jonathan Ward,ARI,,25,5,0,0,0,0,0,0,0,0,,0,0,0,0,,0,0,0,0,,,,,,,,134,,WardJo00,0,0,0,0,0,0,0,0,0,0,0,0,0,0,0,0,0
333,Jonathan Williams,WAS,RB,28,5,0,0,0,0,0,0,6,54,9,0,0,0,0,,0,0,0,0,,,5,5.4,5.4,5.4,,85,,WillJo07,1,2.94,0,0,1,7.14,9,365,2.47,1.8,66.67,0,0,0,0,0,0
256,Jonnu Smith,NWE,TE,27,5,3,0,0,0,0,0,0,0,,0,13,9,119,13.22,0,0,0,0,,,12,20.9,23.9,16.4,,38,,SmitJo01,2,4.76,2,11.11,0,0,157,319,49.22,31.4,0,8.28,69.2,9.15,0,13,0
227,Jordan Akins,HOU,TE,30,3,0,0,0,0,0,0,0,0,,0,8,7,86,12.29,1,0,0,1,,,15,21.6,21.6,18.1,,32,,AkinJo00,1,6.25,1,25,0,0,47,174,27.01,15.67,0,17.02,87.5,10.75,0,8,0
361,Jordan Love,GNB,QB,24,2,0,6,9,73,0,0,0,0,,0,0,0,0,,0,0,0,0,,,3,2.9,2.9,2.9,,42,,LoveJo03,0,0,0,0,0,0,0,0,0,0,0,0,0,0,91.4,0,230.6
419,Jordan Mason,SFO,RB,23,6,0,0,0,0,0,0,1,7,7,0,0,0,0,,0,0,0,0,,,1,0.7,0.7,0.7,,109,,MasoJo00,0,0,0,0,0,0,6,377,1.59,1,16.67,0,0,0,0,0,0
1,Josh Allen,BUF,QB,26,6,6,160,239,1980,17,4,47,257,5.47,2,0,0,0,,0,5,2,2,,,173,172.9,184.9,176.9,74,1,1,AlleJo02,11,18.03,0,0,11,47.83,0,0,0,0,0,0,0,0,109.1,0,269.3
461,Josh Gordon,TEN,,31,2,0,0,0,0,0,0,0,0,,0,1,0,0,,0,0,0,0,,,,,,,,184,,GordJo02,0,0,0,0,0,0,24,114,21.05,12,0,4.17,0,0,0,1,0
21,Josh Jacobs,LVR,RB,24,5,5,0,0,0,0,0,91,490,5.38,3,18,17,129,7.59,0,1,0,3,,,80,96.9,102.9,88.4,28,8,21,JacoJo01,16,31.37,0,0,16,80,247,334,73.95,49.4,36.84,7.69,89.5,6.79,0,19,0
283,Josh Oliver,BAL,TE,25,6,2,0,0,0,0,0,0,0,,0,6,4,29,7.25,1,0,0,1,,,9,12.9,12.9,10.9,,51,,OlivJo00,3,5.77,3,10.71,0,0,136,369,36.86,22.67,0,4.41,66.7,4.83,0,6,0
150,Josh Palmer,LAC,WR,24,6,6,0,0,0,0,0,1,4,4,0,40,26,240,9.23,1,0,0,1,,,30,56.4,59.4,43.4,,53,,PalmJo00,6,10,6,16.22,0,0,0,0,0,0,0,0,0,0,0,0,0
73,Josh Reynolds,DET,WR,27,5,5,0,0,0,0,0,0,0,,0,34,23,335,14.57,2,0,0,2,,,46,68.5,71.5,57,1,29,73,ReynJo00,9,20.45,9,34.62,0,0,283,348,81.32,56.6,0,12.01,67.6,9.85,0,34,0
196,Joshua Kelley,LAC,RB,25,6,0,0,0,0,0,0,23,104,4.52,1,10,7,56,8,0,0,0,1,,,22,29,32,25.5,,56,,KellJo01,6,10,1,2.7,5,21.74,84,437,19.22,14,27.38,11.9,70,5.6,0,10,0
309,Josiah Deguara,GNB,TE,25,6,0,0,0,0,0,0,0,0,,0,6,5,56,11.2,0,0,0,0,,,6,10.6,10.6,8.1,,63,,DeguJo00,0,0,0,0,0,0,64,400,16,10.67,0,9.38,83.3,9.33,0,6,0
117,JuJu Smith-Schuster,KAN,WR,26,6,6,0,0,0,0,0,0,0,,0,40,27,370,13.7,1,2,1,1,,,41,68,72,54.5,,36,,SmitJu00,7,8.75,7,14.89,0,0,303,409,74.08,50.5,0,13.2,67.5,9.25,0,40,0
280,Julio Jones,TAM,WR,33,2,1,0,0,0,0,0,2,17,8.5,0,7,4,76,19,0,0,0,0,,,9,13.3,13.3,11.3,,112,,JoneJu02,1,7.14,1,11.11,0,0,50,126,39.68,25,4,14,57.1,10.86,0,7,0
237,Justice Hill,BAL,RB,25,4,0,0,0,0,0,0,19,125,6.58,0,4,4,19,4.75,0,0,0,0,,,14,18.4,21.4,16.4,,68,,HillJu00,1,2.63,0,0,1,5,86,245,35.1,21.5,22.09,4.65,100,4.75,0,4,0
88,Justin Fields,CHI,QB,23,6,6,63,115,869,4,5,54,282,5.22,1,0,0,0,,0,7,1,1,,,73,73,85,78,,22,,FielJu00,11,23.91,0,0,11,30.56,0,0,0,0,0,0,0,0,72.7,0,300.3
462,Justin Hardee,NYJ,,28,6,0,0,0,0,0,0,0,0,,0,0,0,0,,0,0,0,0,,,,,,,,185,,HardJu01,0,0,0,0,0,0,0,0,0,0,0,0,0,0,0,0,0
48,Justin Herbert,LAC,QB,24,6,6,170,257,1716,10,3,18,26,1.44,0,0,0,0,,0,1,1,0,,,103,103.2,110.2,106.2,8,8,48,HerbJu00,0,0,0,0,0,0,0,0,0,0,0,0,0,0,93.1,0,36.5
291,Justin Jackson,DET,RB,26,5,0,0,0,0,0,0,5,17,3.4,0,3,2,4,2,1,0,0,1,,,8,10.1,10.1,9.1,,81,,JackJu01,1,2.27,1,3.85,0,0,23,348,6.61,4.6,21.74,13.04,66.7,1.33,0,3,0
12,Justin Jefferson,MIN,WR,23,6,6,1,1,23,0,0,1,3,3,1,63,46,654,14.22,2,0,0,3,1,,87,132.6,135.6,109.6,39,3,12,JeffJu00,11,18.97,10,26.32,1,5,385,398,96.73,64.17,0.26,16.36,73,10.38,0,63,0
258,Justin Watson,KAN,WR,26,6,0,0,0,0,0,0,0,0,,0,7,3,60,20,1,0,0,1,,,12,15,15,13.5,,103,,WatsJu01,1,1.25,1,2.13,0,0,72,409,17.6,12,0,9.72,42.9,8.57,0,7,0
74,Juwan Johnson,NOR,TE,26,7,3,0,0,0,0,0,0,0,,0,30,19,202,10.63,2,0,0,2,,,32,51.2,54.2,41.7,,11,74,JohnJu02,3,6.82,3,11.54,0,0,274,407,67.32,45.67,0,9.12,56,6.8,0,25,0
405,Juwann Winfree,GNB,WR,26,3,0,0,0,0,0,0,0,0,,0,4,1,17,17,0,0,0,0,,,2,2.7,2.7,2.2,,162,,WinfJu00,0,0,0,0,0,0,35,196,17.86,11.67,0,11.43,25,4.25,0,4,0
186,K.J. Osborn,MIN,WR,25,6,5,0,0,0,0,0,1,-1,-1,0,26,19,177,9.32,1,0,0,1,,,24,42.6,45.6,33.1,,74,,OsboKJ00,3,5.17,3,7.89,0,0,300,398,75.38,50,0.33,8.67,73.1,6.81,0,26,0
399,Kadarius Toney,NYG,WR,23,2,1,0,0,0,0,0,2,23,11.5,0,3,2,0,0,0,0,0,0,,,2,4.3,4.3,3.3,,153,,ToneKa00,1,6.25,1,20,0,0,35,133,26.32,17.5,5.71,8.57,66.7,0,0,3,0
304,Kalif Raymond,DET,WR,28,5,0,0,0,0,0,0,1,3,3,0,15,9,87,9.67,0,1,1,0,,,7,16,17,11.5,,123,,RaymKa00,1,2.27,1,3.85,0,0,121,348,34.77,24.2,0.83,12.4,60,5.8,0,15,0
71,Kareem Hunt,CLE,RB,27,6,0,0,0,0,0,0,61,259,4.25,2,17,14,83,5.93,1,0,0,3,,,52,66.2,69.2,59.2,2,23,71,HuntKa00,21,30,5,17.86,16,38.1,207,429,48.25,34.5,29.47,8.21,82.4,4.88,0,17,0
498,KaVontae Turpin,DAL,WR,26,6,0,0,0,0,0,0,1,3,3,0,1,0,0,,0,0,0,0,,,,0.3,0.3,0.3,,177,,TurpKa00,1,3.13,0,0,1,7.69,25,377,6.63,4.17,4,4,0,0,0,1,0
272,Keaontay Ingram,ARI,RB,23,2,0,0,0,0,0,0,12,21,1.75,1,2,2,23,11.5,0,0,0,1,,,10,12.4,12.4,11.4,,78,,IngrKe01,1,20,0,0,1,33.33,9,71,12.68,9,33.33,0,0,0,0,0,0
409,Keelan Cole,LVR,WR,29,3,1,0,0,0,0,0,0,0,,0,4,1,12,12,0,0,0,0,,,1,2.2,2.2,1.7,,171,,ColeKe00,2,5.88,2,10.53,0,0,94,209,44.98,31.33,0,4.26,25,3,0,4,0
296,Keenan Allen,LAC,WR,30,1,1,0,0,0,0,0,0,0,,0,4,4,66,16.5,0,0,0,0,,,7,10.6,10.6,8.6,,124,,AlleKe00,0,0,0,0,0,0,22,67,32.84,22,0,18.18,100,16.5,0,4,0
494,Keir Thomas,LAR,,24,2,0,0,0,0,0,0,0,0,,0,0,0,0,,0,0,0,0,,,,,,,,194,,ThomKe04,0,0,0,0,0,0,0,0,0,0,0,0,0,0,0,0,0
390,Keith Kirkwood,NOR,WR,28,2,1,0,0,0,0,0,0,0,,0,2,2,18,9,0,0,0,0,,,2,3.8,3.8,2.8,,160,,KirkKe00,0,0,0,0,0,0,81,149,54.36,40.5,0,2.47,100,9,0,2,0
428,Keith Smith,ATL,RB,30,6,2,0,0,0,0,0,1,2,2,0,2,1,8,8,0,0,0,0,,,1,2,2,1.5,,107,,SmitKe03,1,1.72,1,6.67,0,0,122,372,32.8,20.33,0.82,1.64,50,4,0,2,0
449,Keke Coutee,IND,,25,2,0,0,0,0,0,0,0,0,,0,0,0,0,,0,1,0,0,,,,,,,,182,,CoutKe00,0,0,0,0,0,0,0,0,0,0,0,0,0,0,0,0,0
335,Kendall Blanton,LAR,TE,27,4,0,0,0,0,0,0,0,0,,0,2,2,35,17.5,0,0,0,0,,,4,5.5,5.5,4.5,,74,,BlanKe01,0,0,0,0,0,0,25,252,9.92,6.25,0,8,100,17.5,0,2,0
279,Kendall Hinton,DEN,WR,25,4,2,0,0,0,0,0,0,0,,0,6,5,94,18.8,0,0,0,0,,,9,14.4,14.4,11.9,,111,,HintKe00,0,0,0,0,0,0,129,257,50.19,32.25,0,4.65,83.3,15.67,0,6,0
217,Kendrick Bourne,NWE,WR,27,6,1,0,0,0,0,0,2,14,7,0,14,11,156,14.18,0,1,0,0,,,17,28,31,22.5,,89,,BourKe00,2,3.85,1,4.55,1,3.33,108,379,28.5,18,1.85,12.96,78.6,11.14,0,14,0
184,Kenneth Gainwell,PHI,RB,23,6,0,0,0,0,0,0,23,97,4.22,2,8,4,21,5.25,0,0,0,2,,,24,27.8,27.8,25.8,,54,,GainKe00,8,10.53,2,8.33,6,11.54,119,446,26.68,19.83,19.33,6.72,50,2.63,0,8,0
122,Kenneth Walker III,SEA,RB,22,5,1,0,0,0,0,0,44,243,5.52,2,10,8,27,3.38,0,0,0,2,,,39,47,50,43,,38,,WalkKe00,9,28.13,0,0,9,60,123,310,39.68,24.6,35.77,8.13,80,2.7,0,10,0
377,Kenny Golladay,NYG,WR,29,4,2,0,0,0,0,0,0,0,,0,6,2,22,11,0,0,0,0,,,2,4.2,4.2,3.2,,154,,GollKe00,0,0,0,0,0,0,99,270,36.67,24.75,0,6.06,33.3,3.67,0,6,0
139,Kenny Pickett,PIT,QB,24,3,2,55,83,514,1,4,9,41,4.56,2,0,0,0,,0,1,0,2,,,33,32.7,39.7,36.7,,36,,PickKe00,2,8.7,0,0,2,20,0,0,0,0,0,0,0,0,67,0,330
163,Kenyan Drake,BAL,RB,28,4,2,0,0,0,0,0,31,184,5.94,1,4,3,24,8,0,0,0,1,,,27,29.8,32.8,28.3,,48,,DrakKe00,4,14.29,0,0,4,33.33,109,239,45.61,27.25,28.44,3.67,75,6,0,4,0
499,Ke'Shawn Vaughn,TAM,,25,4,0,0,0,0,0,0,0,0,,0,0,0,0,,0,0,0,0,,,,,,,,133,,VaugKe00,0,0,0,0,0,0,0,0,0,0,0,0,0,0,0,0,0
413,Kevin Harris,NWE,RB,22,1,0,0,0,0,0,0,3,5,1.67,0,0,0,0,,0,0,0,0,,,1,0.5,0.5,0.5,,112,,HarrKe01,1,6.67,0,0,1,11.11,12,70,17.14,12,25,0,0,0,0,0,0
486,Kevin Rader,TEN,,27,3,0,0,0,0,0,0,0,0,,0,0,0,0,,0,0,0,0,,,,,,,,113,,RadeKe00,0,0,0,0,0,0,27,176,15.34,9,0,0,0,0,0,0,0
322,Kevin White,NOR,WR,30,2,0,0,0,0,0,0,0,0,,0,2,1,64,64,0,0,0,0,,,6,7.4,7.4,6.9,,128,,WhitKe00,0,0,0,0,0,0,12,72,16.67,12,0,8.33,0,0,0,1,0
230,KhaDarel Hodge,ATL,WR,27,6,1,0,0,0,0,0,0,0,,0,12,8,128,16,0,0,0,0,1,,15,22.8,25.8,18.8,,93,,HodgKh00,0,0,0,0,0,0,88,372,23.66,14.67,0,13.64,66.7,10.67,0,12,0
43,Khalil Herbert,CHI,RB,24,6,1,0,0,0,0,0,63,402,6.38,3,5,5,37,7.4,0,0,0,3,,,62,66.9,69.9,64.4,11,17,43,HerbKh00,16,34.78,0,0,16,44.44,141,346,40.75,23.5,44.68,3.55,100,7.4,0,5,0
220,Khalil Shakir,BUF,WR,22,4,1,0,0,0,0,0,0,0,,0,11,6,112,18.67,1,0,0,1,,,17,23.2,26.2,20.2,,87,,ShakKh00,0,0,0,0,0,0,94,261,36.02,23.5,0,11.7,54.5,10.18,0,11,0
440,Khari Blasingame,CHI,,26,6,1,0,0,0,0,0,0,0,,0,0,0,0,,0,0,0,0,,,,,,,,122,,BlasKh00,0,0,0,0,0,0,70,346,20.23,11.67,0,0,0,0,0,0,0
66,Kirk Cousins,MIN,QB,34,6,6,151,228,1502,9,5,9,18,2,1,0,0,0,,0,1,0,1,,2,98,97.9,105.9,102.9,3,10,66,CousKi00,2,3.45,0,0,2,10,0,0,0,0,0,0,0,0,88.7,0,144.8
261,KJ Hamler,DEN,WR,23,5,0,0,0,0,0,0,0,0,,0,7,4,109,27.25,0,0,0,0,,,11,14.9,17.9,12.9,,105,,HamlKJ00,0,0,0,0,0,0,135,324,41.67,27,0,5.19,57.1,15.57,0,7,0
389,Ko Kieft,TAM,TE,24,6,3,0,0,0,0,0,0,0,,0,1,1,19,19,0,0,0,0,,,2,2.9,2.9,2.4,,88,,KiefKo00,0,0,0,0,0,0,92,409,22.49,15.33,0,1.09,100,19,0,1,0
208,Kyle Juszczyk,SFO,RB,31,6,5,0,0,0,0,0,3,10,3.33,1,11,8,119,14.88,0,0,0,1,,,19,26.9,29.9,22.9,,61,,JuszKy00,3,6,0,0,3,8.82,202,377,53.58,33.67,1.49,5.45,72.7,10.82,0,11,0
346,Kyle Philips,TEN,WR,23,4,0,0,0,0,0,0,0,0,,0,13,8,78,9.75,0,2,2,0,,,4,11.8,13.8,7.8,,143,,PhilKy01,0,0,0,0,0,0,63,239,26.36,15.75,0,20.63,61.5,6,0,13,0
194,Kyle Pitts,ATL,TE,22,5,5,0,0,0,0,0,0,0,,0,25,13,169,13,1,0,0,1,,,23,35.9,38.9,29.4,,22,,PittKy00,2,3.85,2,14.29,0,0,225,306,73.53,45,0,11.11,52,6.76,0,25,0
425,Kyle Rudolph,TAM,TE,33,2,0,0,0,0,0,0,0,0,,0,2,1,12,12,0,0,0,0,,,1,2.2,2.2,1.7,,93,,RudoKy00,0,0,0,0,0,0,18,144,12.5,9,0,11.11,50,6,0,2,0
223,Kylen Granson,IND,TE,24,6,3,0,0,0,0,0,0,0,,0,22,16,159,9.94,0,1,0,0,,,16,31.9,34.9,23.9,,31,,GranKy00,3,5.77,3,9.09,0,0,207,439,47.15,34.5,0,10.63,72.7,7.23,0,22,0
15,Kyler Murray,ARI,QB,25,7,7,184,281,1667,7,4,45,263,5.84,2,0,0,0,,0,5,1,2,1,3,131,131,142,135,34,5,15,MurrKy00,5,9.43,0,0,5,21.74,0,0,0,0,0,0,0,0,83.7,0,286
6,Lamar Jackson,BAL,QB,25,6,6,112,181,1277,13,6,56,451,8.05,2,0,0,0,,0,3,1,2,,,146,146.2,159.2,152.2,48,2,6,JackLa00,7,13.46,0,0,7,29.17,0,0,0,0,0,0,0,0,93.2,0,171.3
210,Latavius Murray,2TM,RB,32,2,0,0,0,0,0,0,26,123,4.73,1,2,2,6,3,0,0,0,1,,,19,20.9,23.9,19.9,,62,,MurrLa00,1,8.33,0,0,1,20,53,118,44.92,26.5,49.06,3.77,100,3,0,2,0
232,Laviska Shenault Jr.,CAR,WR,24,2,0,0,0,0,0,0,1,0,0,0,2,2,90,45,1,0,0,1,,,15,17,17,16,,92,,ShenLa00,0,0,0,0,0,0,15,113,13.27,7.5,6.67,13.33,100,45,0,2,0
443,Lawrence Cager,NYJ,,25,1,1,0,0,0,0,0,0,0,,0,1,0,0,,0,0,0,0,,,,,,,,179,,CageLa01,0,0,0,0,0,0,10,84,11.9,10,0,10,0,0,0,1,0
20,Leonard Fournette,TAM,RB,27,6,6,0,0,0,0,0,95,343,3.61,1,36,32,232,7.25,3,0,0,4,,,82,113.5,119.5,97.5,29,7,20,FourLe00,17,33.33,5,15.63,12,63.16,311,409,76.04,51.83,30.55,11.58,88.9,6.44,0,36,0
385,Lil'Jordan Humphrey,NWE,WR,24,6,2,0,0,0,0,0,0,0,,0,4,2,20,10,0,0,0,0,,,2,4,4,3,,158,,HumpLi01,0,0,0,0,0,0,128,379,33.77,21.33,0,3.13,50,5,0,4,0
221,Logan Thomas,WAS,TE,31,4,4,0,0,0,0,0,0,0,,0,20,13,106,8.15,1,0,0,1,,,17,29.6,32.6,23.1,,29,,ThomLo00,3,9.09,3,15.79,0,0,207,302,68.54,51.75,0,9.66,65,5.3,0,20,0
411,Luke Farrell,JAX,TE,25,6,0,0,0,0,0,0,0,0,,0,1,1,11,11,0,0,0,0,,,1,2.1,2.1,1.6,,94,,FarrLu00,0,0,0,0,0,0,22,402,5.47,3.67,0,4.55,100,11,0,1,0
125,Mac Jones,NWE,QB,24,3,3,64,97,786,2,5,14,37,2.64,1,0,0,0,,0,1,1,1,,,37,37.1,46.1,42.1,,33,,JoneMa05,4,18.18,0,0,4,33.33,0,0,0,0,0,0,0,0,76.2,0,250.3
137,Mack Hollins,LVR,WR,29,5,4,1,1,4,0,0,0,0,,0,29,17,273,16.06,1,0,0,1,,,33,50.5,53.5,42,,47,,HollMa00,6,11.76,6,19.35,0,0,310,334,92.81,62,0,9.03,60.7,9.75,0,28,0
352,Malcolm Brown,LAR,RB,29,3,0,0,0,0,0,0,7,15,2.14,0,1,1,13,13,0,0,0,0,,,3,3.8,3.8,3.3,,96,,BrowMa03,1,4.35,0,0,1,12.5,26,204,12.75,8.67,26.92,3.85,100,13,0,1,0
497,Malik Turner,SFO,,26,3,0,0,0,0,0,0,0,0,,0,0,0,0,,0,0,0,0,,,,,,,,195,,TurnMa00,0,0,0,0,0,0,1,185,0.54,0.33,0,0,0,0,0,0,0
505,Malik Willis,TEN,QB,23,1,0,1,4,6,0,0,4,16,4,0,0,0,0,,0,1,1,0,,,,-0.2,0.8,-0.2,,54,,WillMa12,0,0,0,0,0,0,0,0,0,0,0,0,0,0,39.6,0,238.1
316,Marcedes Lewis,GNB,TE,38,6,6,0,0,0,0,0,0,0,,0,1,1,2,2,1,0,0,1,,,6,7.2,7.2,6.7,,58,,LewiMa00,1,2.04,1,3.33,0,0,166,400,41.5,27.67,0,0.6,100,2,0,1,0
314,Marcus Johnson,NYG,WR,28,3,2,0,0,0,0,0,0,0,,0,7,5,60,12,0,0,0,0,,,6,11,11,8.5,,132,,JohnMa07,1,2.86,1,10,0,0,88,191,46.07,29.33,0,7.95,71.4,8.57,0,7,0
76,Marcus Mariota,ATL,QB,29,6,6,84,137,1055,6,4,43,206,4.79,3,0,0,0,,0,7,3,3,,2,95,94.8,107.8,98.8,,12,76,MariMa01,12,20.69,0,0,12,27.91,0,0,0,0,0,0,0,0,87.7,0,212.8
11,Mark Andrews,BAL,TE,27,6,6,0,0,0,0,0,1,3,3,0,57,39,455,11.67,5,0,0,5,,,76,114.8,117.8,95.3,41,2,11,AndrMa00,12,23.08,12,42.86,0,0,332,369,89.97,55.33,0.3,17.17,68.4,7.98,0,57,0
157,Mark Ingram,NOR,RB,33,7,2,0,0,0,0,0,51,196,3.84,1,11,10,44,4.4,0,2,2,1,1,,28,38,43,33,,45,,IngrMa01,7,15.91,2,7.69,5,27.78,138,407,33.91,23,34.06,5.8,87.5,3.5,0,8,0
477,Marlon Mack,SFO,,26,2,0,0,0,0,0,0,0,0,,0,0,0,0,,0,0,0,0,,,,,,,,130,,MackMa00,0,0,0,0,0,0,0,0,0,0,0,0,0,0,0,0,0
212,Marquez Callaway,NOR,WR,24,7,3,0,0,0,0,0,0,0,,0,23,11,118,10.73,1,0,0,1,,,18,28.8,31.8,23.3,,85,,CallMa01,2,4.55,2,7.69,0,0,218,407,53.56,36.33,0,7.8,52.9,5.76,0,17,0
174,Marquez Valdes-Scantling,KAN,WR,28,6,5,0,0,0,0,0,1,-3,-3,0,34,19,258,13.58,0,0,0,0,,,26,44.5,47.5,35,,68,,ValdMa00,5,6.25,5,10.64,0,0,313,409,76.53,52.17,0.32,10.86,55.9,7.59,0,34,0
28,Marquise Brown,ARI,WR,25,6,6,0,0,0,0,0,0,0,,0,64,43,485,11.28,3,1,0,3,,,67,109.5,112.5,88,20,8,28,BrowMa04,5,9.43,5,16.67,0,0,428,451,94.9,71.33,0,14.95,67.2,7.58,0,64,0
289,Marquise Goodwin,SEA,WR,32,5,0,0,0,0,0,0,0,0,,0,10,6,79,13.17,0,0,0,0,,,8,13.9,13.9,10.9,,119,,GoodMa00,1,2.86,1,5.56,0,0,144,313,46.01,28.8,0,6.25,66.7,8.78,0,9,0
165,Marvin Jones,JAX,WR,32,5,4,0,0,0,0,0,0,0,,0,30,18,208,11.56,1,0,0,1,,,27,44.8,47.8,35.8,,62,,JoneMa02,3,5.45,3,11.11,0,0,281,339,82.89,56.2,0,10.68,60,6.93,0,30,0
426,Mason Schreck,HOU,TE,29,2,1,0,0,0,0,0,0,0,,0,2,2,6,3,0,0,0,0,,,1,2.6,2.6,1.6,,99,,SchrMa00,0,0,0,0,0,0,24,115,20.87,12,0,8.33,100,3,0,2,0
287,Matt Breida,NYG,RB,27,6,0,0,0,0,0,0,17,49,2.88,0,5,4,30,7.5,0,0,0,0,,,8,11.9,11.9,9.9,,82,,BreiMa00,6,11.76,0,0,6,16.67,75,396,18.94,12.5,22.67,6.67,80,6,0,5,0
83,Matt Ryan,IND,QB,37,6,6,170,253,1765,8,7,11,9,0.82,0,0,0,0,,0,11,3,0,,,84,83.5,96.5,90.5,,17,,RyanMa00,0,0,0,0,0,0,0,0,0,0,0,0,0,0,86.2,0,262
493,Matt Sokol,NWE,,27,1,0,0,0,0,0,0,0,0,,0,0,0,0,,0,0,0,0,,,,,,,,115,,SokoMa00,0,0,0,0,0,0,8,60,13.33,8,0,0,0,0,0,0,0
482,Matthew Orzech,LAR,,27,6,0,0,0,0,0,0,0,0,,0,0,0,0,,0,0,0,0,,,,,,,,112,,OrzeMa00,0,0,0,0,0,0,0,0,0,0,0,0,0,0,0,0,0
490,Matthew Slater,NWE,,37,6,0,0,0,0,0,0,0,0,,0,0,0,0,,0,0,0,0,,,,,,,,192,,SlatMa00,0,0,0,0,0,0,7,379,1.85,1.17,0,0,0,0,0,0,0
90,Matthew Stafford,LAR,QB,34,6,6,160,225,1576,6,8,8,7,0.88,0,0,0,0,,0,4,3,0,,,66,65.7,79.7,73.7,,24,,StafMa00,0,0,0,0,0,0,0,0,0,0,0,0,0,0,84.6,0,6
504,Maxx Williams,ARI,,28,4,0,0,0,0,0,0,0,0,,0,0,0,0,,0,0,0,0,,,,,,,,117,,WillMa04,0,0,0,0,0,0,54,311,17.36,13.5,0,0,0,0,0,0,0
143,Mecole Hardman,KAN,WR,24,6,4,0,0,0,0,0,2,3,1.5,0,21,15,186,12.4,2,1,0,2,,,31,45.9,48.9,38.4,,52,,HardMe00,5,6.25,5,10.64,0,0,209,409,51.1,34.83,0.96,10.05,71.4,8.86,0,21,0
142,Melvin Gordon,DEN,RB,29,6,2,0,0,0,0,0,55,201,3.65,1,13,11,98,8.91,0,4,2,1,,,32,42.9,47.9,37.4,,43,,GordMe00,12,26.09,2,6.67,10,62.5,138,396,34.85,23,39.86,9.42,84.6,7.54,0,13,0
324,Michael Bandy,LAC,WR,25,3,0,0,0,0,0,0,0,0,,0,4,3,53,17.67,0,0,0,0,,,5,8.3,8.3,6.8,,136,,BandMi00,0,0,0,0,0,0,30,234,12.82,10,0,13.33,75,13.25,0,4,0
408,Michael Burton,KAN,RB,30,6,0,0,0,0,0,0,2,8,4,0,2,1,2,2,0,0,0,0,,,1,2,2,1.5,,106,,BurtMi00,1,1.25,0,0,1,3.03,37,409,9.05,6.17,5.41,5.41,50,1,0,2,0
110,Michael Carter,NYJ,RB,23,6,5,0,0,0,0,0,53,199,3.75,2,22,18,106,5.89,0,1,0,2,,,43,60.5,66.5,51.5,,35,,CartMi03,14,24.14,2,7.69,12,37.5,214,416,51.44,35.67,24.77,10.28,81.8,4.82,0,22,0
228,Michael Gallup,DAL,WR,26,3,2,0,0,0,0,0,0,0,,0,15,8,86,10.75,1,0,0,1,,,15,22.6,22.6,18.6,,95,,GallMi00,2,12.5,2,18.18,0,0,120,183,65.57,40,0,12.5,53.3,5.73,0,15,0
68,Michael Pittman Jr.,IND,WR,25,5,5,0,0,0,0,0,0,0,,0,52,38,417,10.97,1,0,0,1,,,48,85.7,88.7,66.7,3,27,68,PittMi01,5,10.87,5,17.86,0,0,374,389,96.14,74.8,0,13.9,73.1,8.02,0,52,0
132,Michael Thomas,NOR,WR,29,3,3,0,0,0,0,0,0,0,,0,22,16,171,10.69,3,0,0,3,,,35,51.1,54.1,43.1,,41,,ThomMi05,3,16.67,3,21.43,0,0,136,198,68.69,45.33,0,16.18,72.7,7.77,0,22,0
406,Michael Woods II,CLE,WR,22,1,0,0,0,0,0,0,0,0,,0,2,1,15,15,0,0,0,0,,,2,2.5,2.5,2,,167,,WoodMi00,0,0,0,0,0,0,10,70,14.29,10,0,20,50,7.5,0,2,0
250,Mike Boone,DEN,RB,27,6,0,0,0,0,0,0,11,59,5.36,0,12,6,61,10.17,0,0,0,0,,,12,18,18,15,,75,,BoonMi00,3,6.52,2,6.67,1,6.25,94,396,23.74,15.67,11.7,12.77,50,5.08,0,12,0
373,Mike Davis,BAL,RB,29,6,0,0,0,0,0,0,8,18,2.25,0,0,0,0,,0,1,0,0,,,2,1.8,1.8,1.8,,102,,DaviMi01,3,5.77,0,0,3,12.5,38,369,10.3,6.33,21.05,0,0,0,0,0,0
47,Mike Evans,TAM,WR,29,5,5,0,0,0,0,0,0,0,,0,33,24,358,14.92,3,0,0,3,,,54,77.8,80.8,65.8,8,16,47,EvanMi00,4,8.89,4,14.81,0,0,280,344,81.4,56,0,11.79,72.7,10.85,0,33,0
67,Mike Gesicki,MIA,TE,27,6,1,0,0,0,0,0,0,0,,0,19,15,170,11.33,3,0,0,3,,,35,50,53,42.5,3,9,67,GesiMi00,5,11.9,5,19.23,0,0,200,383,52.22,33.33,0,9.5,78.9,8.95,0,19,0
320,Mike Strachan,IND,WR,25,6,0,0,0,0,0,0,0,0,,0,8,3,59,19.67,0,0,0,0,,,6,8.9,8.9,7.4,,133,,StraMi03,4,7.69,4,12.12,0,0,87,439,19.82,14.5,0,9.2,37.5,7.38,0,8,0
321,Mike Thomas,CIN,WR,28,6,1,0,0,0,0,0,0,0,,0,8,2,38,19,0,0,0,0,1,,6,7.8,7.8,6.8,,134,,ThomMi04,0,0,0,0,0,0,132,422,31.28,22,0,6.06,25,4.75,0,8,0
49,Mike Williams,LAC,WR,28,6,6,0,0,0,0,0,0,0,,0,50,30,409,13.63,2,0,0,2,,,53,82.9,85.9,67.9,8,17,49,WillMi07,8,13.33,8,21.62,0,0,395,437,90.39,65.83,0,12.66,60,8.18,0,50,0
407,Miles Boykin,PIT,WR,26,6,0,0,0,0,0,0,0,0,,0,2,1,11,11,0,0,0,0,,,1,2.1,2.1,1.6,,174,,BoykMi00,0,0,0,0,0,0,22,384,5.73,3.67,0,9.09,50,5.5,0,2,0
22,Miles Sanders,PHI,RB,25,6,6,0,0,0,0,0,105,485,4.62,4,13,11,42,3.82,0,0,0,4,,,77,87.7,90.7,82.2,25,9,22,SandMi01,18,23.68,0,0,18,34.62,273,446,61.21,45.5,38.46,4.76,84.6,3.23,0,13,0
96,Mitchell Trubisky,PIT,QB,28,5,4,78,128,797,3,2,13,29,2.23,1,0,0,0,,0,0,0,1,,1,51,50.8,55.8,52.8,,30,,TrubMi00,1,3.33,0,0,1,5.26,0,0,0,0,0,0,0,0,80.1,0,175.8
368,Mitchell Wilcox,CIN,TE,26,6,0,0,0,0,0,0,0,0,,0,3,3,30,10,0,0,0,0,,,3,6,6,4.5,,76,,WilcMi01,0,0,0,0,0,0,121,422,28.67,20.17,0,2.48,100,10,0,3,0
167,Mo Alie-Cox,IND,TE,29,6,3,0,0,0,0,0,0,0,,0,15,11,136,12.36,2,0,0,2,,,26,36.6,39.6,31.1,,19,,AlieMo00,3,5.77,3,9.09,0,0,228,439,51.94,38,0,6.58,73.3,9.07,0,15,0
434,Montrell Washington,DEN,WR,23,6,0,0,0,0,0,0,2,28,14,0,3,2,4,2,0,3,1,0,,,1,3.2,4.2,2.2,,173,,WashMo00,0,0,0,0,0,0,36,396,9.09,6,5.56,8.33,66.7,1.33,0,3,0
317,MyCole Pruitt,ATL,TE,30,2,0,0,0,0,0,0,0,0,,0,1,1,2,2,1,0,0,1,,,6,7.2,7.2,6.7,,59,,PruiMy00,1,5.56,1,33.33,0,0,28,124,22.58,14,0,3.57,100,2,0,1,0
360,Myles Gaskin,MIA,RB,25,2,0,0,0,0,0,0,4,9,2.25,0,5,3,24,8,0,0,0,0,,,3,6.3,6.3,4.8,,93,,GaskMy00,3,30,3,60,0,0,13,127,10.24,6.5,30.77,38.46,60,4.8,0,5,0
97,Najee Harris,PIT,RB,24,6,6,0,0,0,0,0,83,264,3.18,1,18,15,71,4.73,2,1,1,3,,,50,64.5,68.5,57,,25,,HarrNa00,14,35.9,2,11.76,12,54.55,255,384,66.41,42.5,32.55,7.06,83.3,3.94,0,18,0
177,Nelson Agholor,NWE,WR,29,5,3,0,0,0,0,0,0,0,,0,19,14,225,16.07,1,2,2,1,,,25,38.5,43.5,31.5,,72,,AghoNe00,1,2.7,1,6.25,0,0,162,309,52.43,32.4,0,11.73,73.7,11.84,0,19,0
441,Nick Boyle,BAL,,29,4,0,0,0,0,0,0,0,0,,0,0,0,0,,0,0,0,0,,,,,,,,103,,BoylNi00,0,0,0,0,0,0,9,254,3.54,2.25,0,0,0,0,0,0,0
2,Nick Chubb,CLE,RB,27,6,6,0,0,0,0,0,110,649,5.9,7,11,7,51,7.29,0,0,0,7,,,112,119,122,115.5,58,1,2,ChubNi00,20,28.57,0,0,20,47.62,229,429,53.38,38.17,48.03,4.8,63.6,4.64,0,11,0
456,Nick Foles,IND,,33,1,0,0,0,0,0,0,0,0,,0,0,0,0,,0,0,0,0,,,,,,,,49,,FoleNi00,0,0,0,0,0,0,0,0,0,0,0,0,0,0,0,0,0
433,Nick Vannett,NOR,TE,29,2,0,0,0,0,0,0,0,0,,0,1,1,5,5,0,0,0,0,,,1,1.5,1.5,1,,100,,VannNi00,0,0,0,0,0,0,5,69,7.25,5,0,20,100,5,0,1,0
242,Nick Westbrook-Ikhine,TEN,WR,25,5,4,0,0,0,0,0,0,0,,0,12,7,138,19.71,0,0,0,0,,,14,20.8,23.8,17.3,,98,,WestNi00,1,3.33,1,6.25,0,0,205,297,69.02,41,0,5.85,58.3,11.5,0,12,0
161,Nico Collins,HOU,WR,23,5,3,0,0,0,0,0,0,0,,0,27,15,272,18.13,0,0,0,0,,,27,42.2,45.2,34.7,,61,,CollNi00,1,4.35,1,12.5,0,0,221,307,71.99,44.2,0,12.22,55.6,10.07,0,27,0
129,Noah Brown,DAL,WR,26,6,6,0,0,0,0,0,0,0,,0,32,20,289,14.45,1,0,0,1,,,35,54.9,57.9,44.9,,42,,BrowNo00,7,21.88,7,36.84,0,0,315,377,83.55,52.5,0,10.16,62.5,9.03,0,32,0
200,Noah Fant,SEA,TE,25,6,6,0,0,0,0,0,0,0,,0,23,19,150,7.89,1,0,0,1,,,21,40,43,30.5,,25,,FantNo00,3,8.11,3,15.79,0,0,211,365,57.81,35.17,0,10.9,82.6,6.52,0,23,0
245,Noah Gray,KAN,TE,23,6,1,0,0,0,0,0,1,1,1,1,13,8,68,8.5,0,0,0,1,,,13,20.9,20.9,16.9,,36,,GrayNo00,3,3.75,2,4.26,1,3.03,194,409,47.43,32.33,0.52,6.7,61.5,5.23,0,13,0
495,Noah Togiai,PHI,,25,2,0,0,0,0,0,0,0,0,,0,1,0,0,,0,0,0,0,,,,,,,,116,,TogiNo00,0,0,0,0,0,0,12,150,8,6,0,8.33,0,0,0,1,0
246,Nyheim Hines,IND,RB,26,5,4,0,0,0,0,0,9,14,1.56,0,21,18,118,6.56,0,1,0,0,,,13,31.2,34.2,22.2,,72,,HineNy00,3,7.32,2,8,1,6.25,97,358,27.09,19.4,9.28,21.65,85.7,5.62,0,21,0
207,O.J. Howard,HOU,TE,28,5,4,0,0,0,0,0,0,0,,0,10,5,72,14.4,2,0,0,2,,,19,24.2,24.2,21.7,,27,,HowaO.00,1,4.35,1,12.5,0,0,137,307,44.63,27.4,0,7.3,50,7.2,0,10,0
127,Olamide Zaccheaus,ATL,WR,25,6,4,0,0,0,0,0,0,0,,0,18,16,271,16.94,2,1,1,2,,,37,53.1,57.1,45.1,,40,,ZaccOl01,2,3.45,2,13.33,0,0,227,372,61.02,37.83,0,7.93,88.9,15.06,0,18,0
332,P.J. Walker,CAR,QB,27,2,1,15,22,120,0,0,1,-1,-1,0,0,0,0,,0,0,0,0,,,5,4.7,4.7,4.7,,40,,WalkPh00,0,0,0,0,0,0,0,0,0,0,0,0,0,0,81.6,0,294.2
340,Parker Hesse,ATL,TE,27,6,3,0,0,0,0,0,0,0,,0,5,4,41,10.25,0,0,0,0,,,4,8.1,8.1,6.1,,70,,HessPa00,2,3.45,2,13.33,0,0,261,372,70.16,43.5,0,1.92,80,8.2,0,5,0
191,Parris Campbell,IND,WR,25,6,5,0,0,0,0,0,0,0,,0,26,18,169,9.39,1,0,0,1,,,23,40.9,43.9,31.9,,76,,CampPa00,3,5.77,3,9.09,0,0,370,439,84.28,61.67,0,7.03,69.2,6.5,0,26,0
146,Pat Freiermuth,PIT,TE,24,5,4,0,0,0,0,0,0,0,,0,32,20,235,11.75,1,0,0,1,,,30,49.5,52.5,39.5,,15,,FreiPa00,4,13.33,4,33.33,0,0,233,320,72.81,46.6,0,13.73,62.5,7.34,0,32,0
8,Patrick Mahomes,KAN,QB,27,6,6,151,229,1736,17,4,21,113,5.38,0,0,0,0,,0,1,0,0,,1,143,142.7,152.7,146.7,45,4,8,MahoPa00,6,7.5,0,0,6,18.18,0,0,0,0,0,0,0,0,106.1,0,262.7
348,Patrick Ricard,BAL,RB,28,6,6,0,0,0,0,0,2,8,4,0,6,5,36,7.2,0,0,0,0,,,4,9.4,9.4,6.9,,87,,RicaPa00,2,3.85,1,3.57,1,4.17,247,369,66.94,41.17,0.81,2.43,83.3,6,0,6,0
380,Penny Hart,SEA,WR,26,5,0,0,0,0,0,0,0,0,,0,1,1,15,15,0,0,0,0,,,2,2.5,2.5,2,,166,,HartPe01,0,0,0,0,0,0,10,297,3.37,2,0,10,100,15,0,1,0
299,Peyton Hendershot,DAL,TE,23,6,1,0,0,0,0,0,0,0,,0,8,5,65,13,0,0,0,0,,,7,11.5,11.5,9,,57,,HendPe01,0,0,0,0,0,0,129,377,34.22,21.5,0,6.2,62.5,8.13,0,8,0
277,Pharaoh Brown,2TM,TE,28,5,5,0,0,0,0,0,0,0,,0,13,9,93,10.33,0,0,0,0,,,9,18.3,18.3,13.8,,49,,BrowPh01,0,0,0,0,0,0,160,329,48.63,32,0,8.13,69.2,7.15,0,13,0
374,Phillip Dorsett,HOU,WR,29,4,0,0,0,0,0,0,0,0,,0,4,1,15,15,0,0,0,0,,,2,2.5,2.5,2,,165,,DorsPh00,0,0,0,0,0,0,39,244,15.98,9.75,0,10.26,25,3.75,0,4,0
282,Phillip Lindsay,IND,RB,28,2,0,0,0,0,0,0,14,47,3.36,0,7,6,19,3.17,0,0,0,0,1,,9,14.6,14.6,11.6,,80,,LindPh00,0,0,0,0,0,0,57,160,35.63,28.5,24.56,12.28,85.7,2.71,0,7,0
429,Pierre Strong,NWE,RB,24,4,0,0,0,0,0,0,1,5,5,0,0,0,0,,0,0,0,0,,,1,0.5,0.5,0.5,,113,,StroPi00,0,0,0,0,0,0,7,262,2.67,1.75,14.29,0,0,0,0,0,0
234,Quez Watkins,PHI,WR,24,6,2,0,0,0,0,0,1,-3,-3,0,9,6,88,14.67,1,0,0,1,,,15,20.5,20.5,17.5,,96,,WatkQu00,2,2.63,2,8.33,0,0,251,446,56.28,41.83,0.4,3.59,66.7,9.78,0,9,0
372,Quintez Cephus,DET,WR,24,4,1,0,0,0,0,0,0,0,,0,3,2,15,7.5,0,0,0,0,,,2,3.5,3.5,2.5,,164,,CephQu00,0,0,0,0,0,0,51,282,18.09,12.75,0,5.88,66.7,5,0,3,0
329,Quintin Morris,BUF,TE,23,5,1,0,0,0,0,0,0,0,,0,9,6,67,11.17,0,1,1,0,,,5,10.7,11.7,7.7,,68,,MorrQu00,1,1.82,1,2.86,0,0,123,353,34.84,24.6,0,7.32,66.7,7.44,0,9,0
216,Rachaad White,TAM,RB,23,6,0,0,0,0,0,0,20,47,2.35,1,17,13,96,7.38,0,1,1,1,,,18,31.3,32.3,24.8,,63,,WhitRa01,6,11.76,3,9.38,3,15.79,103,409,25.18,17.17,19.42,16.5,76.5,5.65,0,17,0
112,Raheem Mostert,MIA,RB,30,6,4,0,0,0,0,0,71,309,4.35,1,14,8,64,8,0,0,0,1,,,43,51.3,54.3,47.3,,32,,MostRa00,8,19.05,1,3.85,7,43.75,228,383,59.53,38,31.14,6.14,57.1,4.57,0,14,0
170,Randall Cobb,GNB,WR,32,6,1,0,0,0,0,0,0,0,,0,26,18,257,14.28,0,1,0,0,,,26,43.7,46.7,34.7,,66,,CobbRa00,3,6.12,3,10,0,0,173,400,43.25,28.83,0,15.03,69.2,9.88,0,26,0
100,Rashaad Penny,SEA,RB,26,5,5,0,0,0,0,0,57,346,6.07,2,5,4,16,4,0,1,0,2,,,48,52.2,55.2,50.2,,28,,PennRa00,7,26.92,1,7.14,6,50,170,297,57.24,34,33.53,2.94,80,3.2,0,5,0
466,Rashard Higgins,CAR,,28,3,0,0,0,0,0,0,0,0,,0,0,0,0,,0,0,0,0,,,,,,,,186,,HiggRa00,0,0,0,0,0,0,9,157,5.73,3,0,0,0,0,0,0,0
198,Rashid Shaheed,NOR,WR,24,2,0,0,0,0,0,0,1,44,44,1,2,1,53,53,1,0,0,2,,,22,22.7,22.7,22.2,,79,,ShahRa00,0,0,0,0,0,0,9,72,12.5,9,11.11,11.11,0,0,0,1,0
133,Rashod Bateman,BAL,WR,23,4,3,0,0,0,0,0,0,0,,0,22,11,243,22.09,2,1,1,2,,,34,45.3,49.3,39.8,,45,,BateRa00,0,0,0,0,0,0,141,245,57.55,35.25,0,15.6,50,11.05,0,22,0
328,Ray-Ray McCloud,SFO,WR,26,6,1,0,0,0,0,0,0,0,,0,9,4,53,13.25,0,2,0,0,,,5,9.3,9.3,7.3,,137,,McClRa00,0,0,0,0,0,0,93,377,24.67,15.5,0,9.68,44.4,5.89,0,9,0
252,Reggie Gilliam,BUF,RB,25,6,1,0,0,0,0,0,0,0,,0,9,7,57,8.14,1,0,0,1,,,12,18.7,18.7,15.2,,76,,GillRe00,2,3.28,2,5.26,0,0,93,412,22.57,15.5,0,9.68,77.8,6.33,0,9,0
183,Rex Burkhead,HOU,RB,32,5,0,0,0,0,0,0,20,64,3.2,0,24,18,112,6.22,1,0,0,1,,,24,41.6,44.6,32.6,,55,,BurkRe00,3,13.04,2,25,1,6.67,127,307,41.37,25.4,15.75,18.9,75,4.67,0,24,0
29,Rhamondre Stevenson,NWE,RB,24,6,1,0,0,0,0,0,87,448,5.15,3,21,17,86,5.06,0,0,0,3,,,71,88.4,91.4,79.9,20,12,29,StevRh00,16,30.77,3,13.64,13,43.33,243,379,64.12,40.5,35.8,8.64,81,4.1,0,21,0
488,Richard Rodgers,LAC,,30,4,0,0,0,0,0,0,0,0,,0,1,0,0,,0,0,0,0,,,,,,,,114,,RodgRi00,1,2.94,1,4.55,0,0,22,273,8.06,5.5,0,4.55,0,0,0,1,0
213,Richie James,NYG,WR,27,6,1,0,0,0,0,0,2,6,3,0,24,19,189,9.95,0,1,1,0,,,18,36.5,40.5,27,,86,,JameRi00,0,0,0,0,0,0,202,396,51.01,33.67,0.99,11.88,79.2,7.88,0,24,0
451,Rico Dowdle,DAL,,24,5,0,0,0,0,0,0,0,0,,0,0,0,0,,0,0,0,0,,,,,,,,125,,DowdRi01,0,0,0,0,0,0,6,310,1.94,1.2,0,0,0,0,0,0,0
243,River Cracraft,MIA,WR,28,6,0,0,0,0,0,0,0,0,,0,6,2,13,6.5,2,0,0,2,,,13,15.3,15.3,14.3,,100,,CracRi00,3,7.14,3,11.54,0,0,76,383,19.84,12.67,0,7.89,33.3,2.17,0,6,0
178,Robbie Anderson,2TM,WR,29,7,5,0,0,0,0,0,0,0,,0,28,13,206,15.85,1,1,1,1,,,25,37.6,41.6,31.1,,71,,AndeRo04,2,8,2,15.38,0,0,284,337,84.27,47.33,0,9.51,48.1,7.63,0,27,0
160,Robert Tonyan,GNB,TE,28,6,2,0,0,0,0,0,0,0,,0,32,27,219,8.11,1,0,0,1,,,28,54.9,57.9,41.4,,16,,TonyRo00,5,10.2,5,16.67,0,0,191,400,47.75,31.83,0,16.75,84.4,6.84,0,32,0
176,Robert Woods,TEN,WR,30,5,4,0,0,0,0,0,0,0,,0,28,17,204,12,1,0,0,1,,,26,43.4,46.4,34.9,,64,,WoodRo02,3,10,3,18.75,0,0,220,297,74.07,44,0,12.73,60.7,7.29,0,28,0
130,Romeo Doubs,GNB,WR,22,6,4,0,0,0,0,0,1,11,11,0,38,26,234,9,2,2,1,2,,,35,60.5,64.5,47.5,,44,,DoubRo00,6,12.24,6,20,0,0,309,400,77.25,51.5,0.32,12.3,68.4,6.16,0,38,0
231,Rondale Moore,ARI,WR,22,4,4,0,0,0,0,0,3,-11,-3.67,0,25,17,159,9.35,0,0,0,0,,,15,31.8,34.8,23.3,,94,,MoorRo02,4,18.18,3,33.33,1,7.69,198,216,91.67,66,1.52,11.62,69.6,5.57,0,23,0
423,Ronnie Rivers,LAR,RB,23,1,0,0,0,0,0,0,1,0,0,0,1,1,14,14,0,0,0,0,,,1,2.4,2.4,1.9,,105,,RiveRo01,1,7.69,1,12.5,0,0,3,65,4.62,3,33.33,33.33,100,14,0,1,0
260,Ross Dwelley,SFO,TE,27,6,0,0,0,0,0,0,0,0,,0,4,2,49,24.5,1,0,0,1,,,11,12.9,12.9,11.9,,43,,DwelRo00,0,0,0,0,0,0,60,377,15.92,10,0,6.67,50,12.25,0,4,0
179,Russell Gage,TAM,WR,26,6,3,0,0,0,0,0,0,0,,0,35,25,192,7.68,1,1,1,1,1,,25,50.2,54.2,37.7,,69,,GageRu00,7,13.73,7,21.88,0,0,276,409,67.48,46,0,12.68,71.4,5.49,0,35,0
82,Russell Wilson,DEN,QB,34,6,6,116,198,1442,5,3,21,96,4.57,1,1,1,1,1,0,1,0,1,,,87,88.4,94.4,90.9,,16,,WilsRu00,1,2.17,0,0,1,6.25,0,0,0,0,0,0,0,0,83.4,0,159.4
378,Ryan Griffin,CHI,TE,32,4,0,0,0,0,0,0,0,0,,0,5,2,19,9.5,0,0,0,0,,,2,3.9,3.9,2.9,,86,,GrifRy00,1,3.33,1,14.29,0,0,45,221,20.36,11.25,0,11.11,40,3.8,0,5,0
91,Ryan Tannehill,TEN,QB,34,5,5,82,126,965,6,3,15,23,1.53,1,0,0,0,,0,1,0,1,,,65,64.9,70.9,67.9,,25,,TannRy00,2,6.67,0,0,2,14.29,0,0,0,0,0,0,0,0,94.2,0,0
435,Salvon Ahmed,MIA,,24,3,0,0,0,0,0,0,0,0,,0,0,0,0,,0,0,0,0,,,,,,,,120,,AhmeSa01,0,0,0,0,0,0,0,0,0,0,0,0,0,0,0,0,0
187,Samaje Perine,CIN,RB,27,6,0,0,0,0,0,0,17,75,4.41,0,15,12,105,8.75,1,0,0,1,,,24,36,39,30,,53,,PeriSa00,4,6.9,3,8.57,1,4.35,108,422,25.59,18,15.74,13.89,80,7,0,15,0
268,Sammy Watkins,GNB,WR,29,2,2,0,0,0,0,0,0,0,,0,7,6,111,18.5,0,0,0,0,,,11,17.1,20.1,14.1,,104,,WatkSa00,1,4.76,1,7.69,0,0,85,129,65.89,42.5,0,8.24,85.7,15.86,0,7,0
5,Saquon Barkley,NYG,RB,25,6,6,0,0,0,0,0,119,616,5.18,4,26,21,155,7.38,0,1,0,4,1,,103,124.1,130.1,113.6,50,2,5,BarkSa00,17,33.33,0,0,17,47.22,337,396,85.1,56.17,35.31,7.72,80.8,5.96,0,26,0
292,Scott Miller,TAM,WR,25,4,1,0,0,0,0,0,1,8,8,0,20,8,73,9.13,0,0,0,0,,,8,16.1,16.1,12.1,,117,,MillSc01,2,5.41,2,8.7,0,0,119,283,42.05,29.75,0.84,16.81,40,3.65,0,20,0
420,Sean McKeon,DAL,TE,25,2,0,0,0,0,0,0,0,0,,0,1,1,10,10,0,0,0,0,,,1,2,2,1.5,,95,,McKeSe01,0,0,0,0,0,0,20,131,15.27,10,0,5,100,10,0,1,0
266,Shi Smith,CAR,WR,24,6,4,0,0,0,0,0,0,0,,0,20,8,105,13.13,0,1,0,0,,,11,18.5,21.5,14.5,,108,,SmitSh03,2,8,2,15.38,0,0,210,337,62.31,35,0,9.52,40,5.25,0,20,0
376,Simi Fehoko,DAL,WR,25,5,0,0,0,0,0,0,0,0,,0,4,3,24,8,0,0,0,0,,,2,5.4,5.4,3.9,,150,,FehoSi00,0,0,0,0,0,0,36,310,11.61,7.2,0,11.11,75,6,0,4,0
305,Skylar Thompson,MIA,QB,25,2,1,26,46,255,0,1,1,9,9,0,0,0,0,,0,1,1,0,,,7,7.1,9.1,8.1,,39,,ThomSk00,0,0,0,0,0,0,0,0,0,0,0,0,0,0,63.2,0,60
293,Skyy Moore,KAN,WR,22,6,2,0,0,0,0,0,0,0,,0,11,6,100,16.67,0,1,1,0,,,8,14,18,11,,118,,MoorSk01,0,0,0,0,0,0,90,409,22,15,0,12.22,54.5,9.09,0,11,0
248,Sony Michel,LAC,RB,27,6,0,0,0,0,0,0,31,86,2.77,0,9,8,45,5.63,0,0,0,0,,,13,21.1,21.1,17.1,,74,,MichSo00,6,10,0,0,6,26.09,88,437,20.14,14.67,35.23,10.23,88.9,5,0,9,0
479,Stanley Morgan Jr.,CIN,,26,6,0,0,0,0,0,0,0,0,,0,1,0,0,,0,0,0,0,,,,,,,,190,,MorgSt02,1,1.72,1,2.86,0,0,25,422,5.92,4.17,0,4,0,0,0,1,0
4,Stefon Diggs,BUF,WR,29,6,6,0,0,0,0,0,0,0,,0,65,49,656,13.39,6,0,0,6,,,102,150.6,153.6,126.1,53,1,4,DiggSt00,12,19.67,12,31.58,0,0,315,412,76.46,52.5,0,20.63,75.4,10.09,0,65,0
436,Stephen Anderson,ARI,TE,29,7,0,0,0,0,0,0,0,0,,0,1,1,2,2,0,0,0,0,,,,1.2,1.2,0.7,,101,,AndeSt01,0,0,0,0,0,0,38,451,8.43,6.33,0,2.63,100,2,0,1,0
430,Stephen Sullivan,CAR,TE,26,4,0,0,0,0,0,0,0,0,,0,1,1,13,13,0,0,0,0,,,1,2.3,2.3,1.8,,92,,SullSt00,0,0,0,0,0,0,11,215,5.12,2.75,0,9.09,100,13,0,1,0
203,Sterling Shepard,NYG,WR,29,3,2,0,0,0,0,0,0,0,,0,24,13,154,11.85,1,0,0,1,,,21,34.4,37.4,27.9,,80,,ShepSt00,1,6.25,1,20,0,0,165,205,80.49,55,0,14.55,54.2,6.42,0,24,0
509,Steven Sims,PIT,WR,25,2,0,0,0,0,0,0,1,-5,-5,0,0,0,0,,0,0,0,0,,,-1,-0.5,-0.5,-0.5,,198,,SimsSt00,0,0,0,0,0,0,9,139,6.47,4.5,11.11,0,0,0,0,0,0
38,T.J. Hockenson,DET,TE,25,5,5,0,0,0,0,0,0,0,,0,34,19,267,14.05,3,0,0,3,1,,47,65.7,68.7,56.2,14,5,38,HockTJ00,6,13.64,6,23.08,0,0,297,348,85.34,59.4,0,11.45,55.9,7.85,0,34,0
474,Taiwan Jones,BUF,,34,6,0,0,0,0,0,0,0,0,,0,0,0,0,,0,0,0,0,,,,,,,,129,,JoneTa00,0,0,0,0,0,0,0,0,0,0,0,0,0,0,0,0,0
459,Tanner Gentry,BUF,,28,1,0,0,0,0,0,0,0,0,,0,1,0,0,,0,0,0,0,,,,,,,,183,,GentTa00,0,0,0,0,0,0,11,56,19.64,11,0,9.09,0,0,0,1,0
342,Tanner Hudson,NYG,TE,28,6,0,0,0,0,0,0,0,0,,0,5,3,40,13.33,0,0,0,0,,,4,7,7,5.5,,72,,HudsTa00,0,0,0,0,0,0,145,396,36.62,24.17,0,3.45,60,8,0,5,0
13,Taysom Hill,NOR,TE,32,6,2,5,7,86,1,0,29,276,9.52,5,2,2,5,2.5,1,1,0,6,,,72,73.5,76.5,72.5,37,3,13,HillTa00,5,13.51,0,0,5,31.25,72,338,21.3,14.4,36.11,1.39,100,2,0,1,0
153,Teddy Bridgewater,MIA,QB,30,4,1,37,60,522,3,3,2,21,10.5,0,0,0,0,,0,0,0,0,,,29,29,35,32,,37,,BridTe00,1,3.7,0,0,1,8.33,0,0,0,0,0,0,0,0,85.6,0,289.3
64,Tee Higgins,CIN,WR,23,6,5,0,0,0,0,0,0,0,,0,37,26,362,13.92,2,0,0,2,,,48,74.2,77.2,61.2,3,26,64,HiggTe00,4,6.9,4,11.43,0,0,242,422,57.35,40.33,0,15.7,68.4,9.53,0,38,0
362,Terrace Marshall Jr.,CAR,WR,22,3,0,0,0,0,0,0,0,0,,0,5,4,30,7.5,0,0,0,0,,,3,7,7,5,,145,,MarsTe00,1,7.14,1,12.5,0,0,52,171,30.41,17.33,0,9.62,80,6,0,5,0
107,Terry McLaurin,WAS,WR,27,6,6,0,0,0,0,0,3,18,6,0,37,22,367,16.68,1,1,0,1,,,45,66.5,69.5,55.5,,32,,McLaTe00,5,11.63,5,20.83,0,0,391,422,92.65,65.17,0.77,9.46,59.5,9.92,0,37,0
206,Tevin Coleman,SFO,RB,29,3,0,0,0,0,0,0,12,26,2.17,1,3,3,44,14.67,1,0,0,2,,,19,22,22,20.5,,60,,ColeTe01,5,23.81,1,10,4,36.36,32,177,18.08,10.67,37.5,9.38,100,14.67,0,3,0
387,Tim Jones,JAX,WR,24,6,1,0,0,0,0,0,0,0,,0,2,1,20,20,0,0,0,0,,,2,3,3,2.5,,159,,JoneTi00,0,0,0,0,0,0,60,402,14.93,10,0,3.33,50,10,0,2,0
80,Tom Brady,TAM,QB,45,6,6,166,247,1652,8,1,10,-7,-0.7,0,0,0,0,,0,3,2,0,,1,93,93.4,99.4,94.4,,14,,BradTo00,3,5.88,0,0,3,15.79,0,0,0,0,0,0,0,0,95.1,0,240.3
327,Tom Kennedy,DET,WR,26,2,1,0,0,0,0,0,0,0,,0,5,3,54,18,0,0,0,0,,,5,8.4,8.4,6.9,,135,,KennTo01,0,0,0,0,0,0,95,140,67.86,47.5,0,6.32,50,9,0,6,0
431,Tommy Sweeney,BUF,TE,27,3,0,0,0,0,0,0,0,0,,0,1,1,7,7,0,0,0,0,,,1,1.7,1.7,1.2,,98,,SweeTo00,0,0,0,0,0,0,41,188,21.81,13.67,0,2.44,100,7,0,1,0
350,Tommy Tremble,CAR,TE,22,6,1,0,0,0,0,0,0,0,,0,9,5,42,8.4,0,0,0,0,,,4,9.2,9.2,6.7,,69,,TremTo00,1,4,1,7.69,0,0,137,337,40.65,22.83,0,6.57,55.6,4.67,0,9,0
388,Tony Jones,2TM,RB,25,3,0,0,0,0,0,0,2,8,4,0,2,2,12,6,0,0,0,0,,,2,4,4,3,,99,,JoneTo04,1,4.55,1,7.14,0,0,35,197,17.77,11.67,5.71,5.71,100,6,0,2,0
99,Tony Pollard,DAL,RB,25,6,1,0,0,0,0,0,55,292,5.31,2,16,9,79,8.78,0,0,0,2,,,49,58.1,61.1,53.6,,26,,PollTo00,6,18.75,2,10.53,4,30.77,164,377,43.5,27.33,33.54,9.76,56.3,4.94,0,16,0
75,Tory Carter,TEN,,23,5,3,0,0,0,0,0,0,0,,0,0,0,0,,0,0,0,0,,,,,,,,1,75,CartTo01,0,0,0,0,0,0,42,297,14.14,8.4,0,0,0,0,0,0,0
393,Trace McSorley,ARI,QB,27,1,0,2,4,12,0,0,3,20,6.67,0,0,0,0,,0,0,0,0,,,2,2.5,2.5,2.5,,43,,McSoTr00,0,0,0,0,0,0,0,0,0,0,0,0,0,0,56.2,0,193
104,Travis Etienne,JAX,RB,23,6,1,0,0,0,0,0,54,301,5.57,0,18,13,146,11.23,0,2,0,0,,,45,57.7,63.7,51.2,,31,,EtieTr00,11,17.46,3,10.71,8,22.86,188,402,46.77,31.33,28.72,9.57,72.2,8.11,0,18,0
325,Travis Homer,SEA,RB,24,3,0,0,0,0,0,0,4,18,4.5,0,4,4,33,8.25,0,0,0,0,,,5,9.1,9.1,7.1,,86,,HomeTr00,0,0,0,0,0,0,43,175,24.57,14.33,9.3,9.3,100,8.25,0,4,0
3,Travis Kelce,KAN,TE,33,6,6,0,0,0,0,0,2,5,2.5,0,52,41,455,11.1,7,0,0,7,1,,90,131,134,110.5,54,1,3,KelcTr00,17,21.25,15,31.91,2,6.06,325,409,79.46,54.17,0.62,16,78.8,8.75,0,52,0
363,Tre' McKitty,LAC,TE,23,6,2,0,0,0,0,0,0,0,,0,7,4,28,7,0,1,0,0,,,3,6.8,6.8,4.8,,77,,McKiTr00,2,3.33,2,5.41,0,0,210,437,48.05,35,0,3.33,57.1,4,0,7,0
286,Trent Sherfield,MIA,WR,26,6,0,0,0,0,0,0,0,0,,0,17,10,88,8.8,0,0,0,0,,,9,18.8,18.8,13.8,,113,,SherTr00,4,9.52,4,15.38,0,0,209,383,54.57,34.83,0,8.13,58.8,5.18,0,17,0
512,Trent Taylor,CIN,,28,6,0,0,0,0,0,0,0,0,,0,0,0,0,,0,1,1,0,,,-2,-2,-1,-2,,202,,TaylTr02,0,0,0,0,0,0,22,422,5.21,3.67,0,0,0,0,0,0,0
444,Trenton Cannon,TEN,,28,2,0,0,0,0,0,0,0,0,,0,0,0,0,,0,0,0,0,,,,,,,,123,,CannTr00,0,0,0,0,0,0,0,0,0,0,0,0,0,0,0,0,0
152,Tre'Quan Smith,NOR,WR,26,5,2,0,0,0,0,0,0,0,,0,20,14,235,16.79,1,0,0,1,,,30,43.5,46.5,36.5,,57,,SmitTr03,1,3.03,1,5.88,0,0,159,278,57.19,39.75,0,8.81,64.3,12.57,0,14,0
358,Trestan Ebner,CHI,RB,23,6,0,0,0,0,0,0,13,43,3.31,0,4,2,8,4,0,2,1,0,,,3,5.1,6.1,4.1,,94,,EbneTr00,0,0,0,0,0,0,37,346,10.69,6.17,35.14,10.81,50,2,0,4,0
403,Trevon Wesco,CHI,TE,27,5,1,0,0,0,0,0,0,0,,0,2,1,23,23,0,0,0,0,,,2,3.3,3.3,2.8,,85,,WescTr00,0,0,0,0,0,0,51,288,17.71,10.2,0,3.92,50,11.5,0,2,0
65,Trevor Lawrence,JAX,QB,23,6,6,133,203,1397,9,4,20,81,4.05,2,0,0,0,,0,4,4,2,,1,98,98,109,102,3,9,65,LawrTr00,7,11.11,0,0,7,20,0,0,0,0,0,0,0,0,91.9,0,127.5
254,Trey Lance,SFO,QB,22,2,2,15,31,194,0,1,16,67,4.19,0,0,0,0,,0,1,0,0,,,12,12.5,13.5,13.5,,38,,LancTr00,4,16,0,0,4,18.18,0,0,0,0,0,0,0,0,55,0,130.5
392,Trey McBride,ARI,TE,23,6,5,0,0,0,0,0,0,0,,0,3,3,24,8,0,0,0,0,,,2,5.4,5.4,3.9,,82,,McBrTr01,0,0,0,0,0,0,75,386,19.43,15,0,4,100,8,0,3,0
397,Trey Sermon,PHI,RB,23,2,0,0,0,0,0,0,2,19,9.5,0,0,0,0,,0,0,0,0,,,2,1.9,1.9,1.9,,100,,SermTr00,0,0,0,0,0,0,8,155,5.16,4,25,0,0,0,0,0,0
236,Treylon Burks,TEN,WR,22,4,2,0,0,0,0,0,2,12,6,0,16,10,129,12.9,0,0,0,0,,,14,24.1,27.1,19.1,,97,,BurkTr00,1,5,1,9.09,0,0,124,233,53.22,31,1.61,12.9,62.5,8.06,0,16,0
412,Troy Hairston,HOU,RB,24,5,1,0,0,0,0,0,0,0,,0,1,1,5,5,0,0,0,0,,,1,1.5,1.5,1,,111,,HairTr00,0,0,0,0,0,0,71,307,23.13,14.2,0,1.41,100,5,0,1,0
89,Tua Tagovailoa,MIA,QB,24,4,4,80,115,1035,8,3,4,1,0.25,0,0,0,0,,0,1,0,0,,,68,67.5,73.5,70.5,,23,,TagoTu00,2,6.67,0,0,2,16.67,0,0,0,0,0,0,0,0,109.9,0,275.3
306,Tutu Atwell,LAR,WR,23,5,0,0,0,0,0,0,1,9,9,0,4,1,54,54,0,0,0,0,,,6,7.3,7.3,6.8,,129,,AtweTu00,0,0,0,0,0,0,23,307,7.49,4.6,4.35,17.39,25,13.5,0,4,0
472,Ty Johnson,NYJ,RB,25,6,0,0,0,0,0,0,0,0,,0,3,1,4,4,0,0,0,0,,,,1.4,1.4,0.9,,115,,JohnTy02,0,0,0,0,0,0,14,416,3.37,2.33,0,21.43,33.3,1.33,0,3,0
300,Ty Montgomery,NWE,WR,29,1,0,0,0,0,0,0,2,-2,-1,0,4,3,15,5,1,0,0,1,,,7,10.3,10.3,8.8,,121,,MontTy01,1,33.33,1,33.33,0,0,21,57,36.84,21,9.52,19.05,75,3.75,0,4,0
401,Tylan Wallace,BAL,WR,23,6,0,0,0,0,0,0,0,0,,0,6,3,21,7,0,0,0,0,,,2,5.1,5.1,3.6,,157,,WallTy00,0,0,0,0,0,0,56,369,15.18,9.33,0,10.71,50,3.5,0,6,0
168,Tyler Allgeier,ATL,RB,22,5,2,0,0,0,0,0,54,235,4.35,0,2,2,25,12.5,0,0,0,0,,,26,28,31,27,,50,,AllgTy00,9,18.37,0,0,9,24.32,136,297,45.79,27.2,39.71,1.47,100,12.5,0,2,0
103,Tyler Boyd,CIN,WR,28,6,4,1,1,23,0,0,0,0,,0,29,21,300,14.29,2,0,0,2,1,,45,65.9,68.9,55.4,,30,,BoydTy00,2,3.45,2,5.71,0,0,345,422,81.75,57.5,0,8.41,72.4,10.34,0,29,0
162,Tyler Conklin,NYJ,TE,27,6,6,0,0,0,0,0,1,1,1,0,32,22,208,9.45,1,2,0,1,,,27,48.9,51.9,37.9,,17,,ConkTy00,2,3.45,1,3.85,1,3.13,343,416,82.45,57.17,0.29,9.33,68.8,6.5,0,32,0
356,Tyler Davis,GNB,TE,25,6,1,0,0,0,0,0,0,0,,0,6,4,26,6.5,0,0,0,0,,,3,6.6,6.6,4.6,,78,,DaviTy02,0,0,0,0,0,0,89,400,22.25,14.83,0,6.74,66.7,4.33,0,6,0
147,Tyler Higbee,LAR,TE,29,6,6,0,0,0,0,0,0,0,,0,50,34,297,8.74,0,0,0,0,,,30,63.7,66.7,46.7,,14,,HigbTy00,5,9.26,5,15.63,0,0,352,381,92.39,58.67,0,14.2,68,5.94,0,50,0
471,Tyler Johnson,HOU,,24,2,0,0,0,0,0,0,0,0,,0,0,0,0,,0,0,0,0,,,,,,,,187,,JohnTy00,0,0,0,0,0,0,29,115,25.22,14.5,0,0,0,0,0,0,0
418,Tyler Kroft,SFO,TE,30,2,2,0,0,0,0,0,0,0,,0,2,1,9,9,0,0,0,0,,,1,1.9,1.9,1.4,,96,,KrofTy00,0,0,0,0,0,0,58,144,40.28,29,0,3.45,50,4.5,0,2,0
51,Tyler Lockett,SEA,WR,30,6,6,0,0,0,0,0,0,0,,0,45,34,423,12.44,2,1,1,2,,,52,86.3,90.3,69.3,7,19,51,LockTy00,3,8.11,3,15.79,0,0,307,365,84.11,51.17,0,14.66,75.6,9.4,0,45,0
215,Tyquan Thornton,NWE,WR,22,2,0,0,0,0,0,0,3,16,5.33,1,8,6,44,7.33,1,0,0,2,,,18,24,24,21,,84,,ThorTy00,4,16,2,20,2,13.33,65,130,50,32.5,4.62,12.31,75,5.5,0,8,0
14,Tyreek Hill,MIA,WR,28,6,6,0,0,0,0,0,4,18,4.5,0,65,50,701,14.02,2,1,0,2,,,84,133.9,136.9,108.9,37,4,14,HillTy00,2,4.76,1,3.85,1,6.25,294,383,76.76,49,1.36,22.11,76.9,10.78,0,65,0
353,Tyrie Cleveland,DEN,WR,25,4,0,0,0,0,0,0,0,0,,0,4,2,28,14,0,0,0,0,,,3,4.8,4.8,3.8,,146,,ClevTy00,0,0,0,0,0,0,49,269,18.22,12.25,0,8.16,50,7,0,4,0
357,Tyrion Davis-Price,SFO,RB,22,2,0,0,0,0,0,0,14,33,2.36,0,0,0,0,,0,0,0,0,,,3,3.3,3.3,3.3,,92,,DaviTy03,2,9.09,0,0,2,13.33,31,136,22.79,15.5,45.16,0,0,0,0,0,0
432,Tyrod Taylor,NYG,QB,33,1,0,1,3,11,0,1,3,30,10,0,0,0,0,,0,1,0,0,,,1,1.4,2.4,2.4,,45,,TaylTy00,0,0,0,0,0,0,0,0,0,0,0,0,0,0,5.6,0,12
473,Tyron Johnson,LVR,,26,2,0,0,0,0,0,0,0,0,,0,0,0,0,,0,0,0,0,,,,,,,,188,,JohnTy03,0,0,0,0,0,0,4,133,3.01,2,0,0,0,0,0,0,0
326,Velus Jones Jr.,CHI,WR,25,3,0,0,0,0,0,0,1,8,8,0,2,2,19,9.5,1,2,2,1,,,5,6.7,8.7,5.7,,139,,JoneVe00,2,8,1,11.11,1,6.25,15,184,8.15,5,6.67,13.33,100,9.5,0,2,0
275,Wan'Dale Robinson,NYG,WR,21,2,0,0,0,0,0,0,0,0,,0,5,4,42,10.5,1,0,0,1,,,10,14.2,14.2,12.2,,110,,RobiWa01,1,3.57,1,16.67,0,0,24,125,19.2,12,0,20.83,80,8.4,0,5,0
72,Will Dissly,SEA,TE,26,6,6,0,0,0,0,0,0,0,,0,16,15,149,9.93,3,0,0,3,,,33,47.9,50.9,40.4,1,10,72,DissWi00,3,8.11,3,15.79,0,0,231,365,63.29,38.5,0,6.93,93.8,9.31,0,16,0
491,Willie Snead,SFO,,30,1,0,0,0,0,0,0,0,0,,0,0,0,0,,0,0,0,0,,,,,,,,193,,SneaWi00,0,0,0,0,0,0,5,60,8.33,5,0,0,0,0,0,0,0
35,Zach Ertz,ARI,TE,32,7,7,0,0,0,0,0,0,0,,0,55,37,320,8.65,2,0,0,2,2,,48,85,88,66.5,15,4,35,ErtzZa00,11,20.75,11,36.67,0,0,383,451,84.92,63.83,0,13.32,68.6,5.86,0,51,0
278,Zach Gentry,PIT,TE,26,6,4,0,0,0,0,0,0,0,,0,10,9,89,9.89,0,0,0,0,,,9,17.9,17.9,13.4,,50,,GentZa00,1,2.56,1,5.88,0,0,191,384,49.74,31.83,0,5.24,90,8.9,0,10,0
345,Zach Pascal,PHI,WR,28,6,0,0,0,0,0,0,1,0,0,0,7,6,39,6.5,0,0,0,0,,,4,9.9,9.9,6.9,,141,,PascZa00,2,2.63,1,4.17,1,1.92,120,446,26.91,20,0.83,5.83,85.7,5.57,0,7,0
126,Zach Wilson,NYJ,QB,23,3,3,42,75,572,1,2,11,18,1.64,1,1,1,2,2,1,0,0,2,,,37,37.9,42.9,39.4,,34,,WilsZa00,3,8.57,1,16.67,2,6.9,0,0,0,0,0,0,0,0,73.9,0,232.8
273,Zack Moss,BUF,RB,25,5,0,0,0,0,0,0,17,91,5.35,0,8,7,27,3.86,0,1,1,0,,,10,16.8,17.8,13.3,,79,,MossZa00,1,1.89,0,0,1,4.76,73,339,21.53,14.6,23.29,10.96,87.5,3.38,0,8,0
404,Zamir White,LVR,RB,23,5,0,0,0,0,0,0,4,19,4.75,0,0,0,0,,0,0,0,0,,,2,1.9,1.9,1.9,,101,,WhitZa01,2,3.92,0,0,2,10,12,334,3.59,2.4,33.33,0,0,0,0,0,0
247,Zander Horvath,LAC,RB,24,6,1,0,0,0,0,0,3,5,1.67,0,7,4,7,1.75,2,0,0,2,,,13,17.2,17.2,15.2,,73,,HorvZa00,2,3.33,2,5.41,0,0,61,437,13.96,10.17,4.92,11.48,57.1,1,0,7,0
154,Zay Jones,JAX,WR,27,5,4,0,0,0,0,0,1,0,0,0,37,27,227,8.41,1,0,0,1,,,29,55.7,58.7,42.2,,59,,JoneZa00,7,12.07,6,23.08,1,3.13,286,355,80.56,57.2,0.35,12.94,73,6.14,0,37,0
